trajectory_id,cluster,pca_1,pca_2,tsne_1,tsne_2,umap_1,umap_2
ckyw6zzlj001r3867thf0fuy7,2,-0.9378275657497815,0.007429725715364502,-26.538326,7.1917744,-4.392757,11.343345
ckyw704kw001v3867kvyjtx6k,2,-0.8808165882869147,-0.005522384111413141,-26.497448,6.4579635,-4.158039,11.11262
ckyw708pn001z386779fr849h,0,0.6226892820603224,0.4358140425822455,23.131187,12.622177,-0.24600312,1.7817614
ckyw7dzmx00273867fyj9lsnv,2,-0.9329871714517808,0.006473100804500769,-26.562489,7.005761,-4.3077216,11.328615
ckyw7e4o6002b3867ibaukox2,3,0.782998032711968,1.0680577554300792,6.6002874,4.068064,-1.5341506,4.33489
ckyw7e9n0002f3867tn40h1u2,2,-1.0104452700066753,0.016630127000184965,-25.933271,8.1999,-4.5289774,11.631959
ckyw7qq3p002r3867g7ntncq2,3,0.15693487041073562,0.7084362008110658,-0.52645934,0.8365194,-3.0856283,5.474231
ckyw7vqeb000j3867v1k4y9wh,0,0.19483277381146608,-0.0962303852312134,27.378708,12.533193,0.32762963,-0.86227846
ckywzs7c60003386lx8xpyitp,0,0.20885553467983956,-0.2081335156562196,27.710936,9.828774,0.43122488,-0.45125136
ckywzsbvn0006386lup64vzl3,2,-0.9220696124877589,-0.0009057631708737056,-26.870354,6.7990856,-4.3443394,11.115205
ckywzsgpn000a386l8p612lq2,2,-0.9853775516304655,0.06422261435208274,-27.99269,9.963839,-4.7343087,11.757773
ckywzsjng000e386l0x3csdzp,1,-0.6100123560898302,-0.08929667056275785,-12.330349,9.821301,-21.844568,3.2926624
ckywzsptj000i386l97i7pdnr,3,0.05435104087982844,0.9231055789750514,-3.1082544,4.749085,-2.925862,6.1857443
ckywzstpz000m386ltbep0jdf,4,0.5187913171922507,-0.8717239641517266,30.372137,6.648314,6.5498924,-10.927818
ckywzt9s3000u386lg8o365om,4,0.5187913171922507,-0.8717239641517266,30.36735,6.647584,6.5756874,-10.932417
ckywztlv70012386lyzjoz3ce,0,0.822254726428717,0.43948450223434976,18.639338,13.355961,-0.15006499,1.5452968
ckywzts4n0016386lfrsztf67,3,0.6595589422698009,0.6747495481816238,11.343318,5.724066,-1.5944972,3.929103
ckywzx06s001i386lmpznlxwl,2,-0.7624072087801986,-0.052343268000221085,-30.42344,6.407078,-3.5367339,11.541558
ckyx08h70001m386lqjybs9oy,1,-0.5393428059165712,0.045038175753081264,-16.50349,11.904362,-4.5285635,8.115005
ckyx0iks3001q386l8i539om7,2,-0.9167130239941796,-0.007345121711303559,-23.035604,2.4991539,-4.027742,9.392339
ckyx0mtcc001y386lnmogaytg,2,-0.7860856497753003,-0.04628900544086562,-20.508446,2.693951,-4.2872024,10.2099495
ckyx0p24500033p676mfyier1,2,-0.8593026066554876,0.0013536152824395054,-26.186455,6.4627004,-4.248032,11.091566
ckyx0p8bu00073p678ma1nwz9,0,0.762120086891508,0.34041718818266337,21.417524,11.922339,0.07784734,1.2465274
ckyx0pf8t000b3p67u6biy0y4,0,0.6814963506120315,0.16802563114661279,18.929033,9.533751,0.43864563,1.5029992
ckyx0pu50000f3p67k0qf8n66,0,0.9406885509870976,0.530120080092687,17.824179,11.414098,-0.51855147,1.7714037
ckyx0pyml000j3p672kmjurxo,1,-0.3604009798695957,0.3916677720137014,-8.218011,6.981573,-4.006705,7.3178754
ckyx0q2xm000n3p6724s6mdc7,3,0.713688602414114,0.645043848862398,11.663659,7.2666125,-1.63981,3.6666038
ckyx0q7mh000r3p67ffu5cr0h,3,-0.07423504021778221,0.7011402810670074,-0.16876943,-1.4797502,-3.0512843,5.706771
ckyx0qoib000v3p67ci0368q4,3,-0.3375090645217973,0.6521711006505456,-4.6193,3.7495713,-3.1173668,6.613834
ckyx0qtt7000z3p6705syt8ow,2,-0.9711467094567771,0.19898841410632265,-24.104025,9.78244,-4.498372,11.411411
ckyx0r72g00163p67jwcn3suz,2,-0.914222076309005,-0.02493875117408401,-25.114079,0.2908416,-3.0450912,11.448028
ckyx0sop6001a3p674my7phj1,1,-0.6100123560898302,-0.08929667056275785,-12.832038,9.584505,-21.787642,3.287055
ckyx1gdws002u386legnuxrf1,1,-0.8902815488168215,0.0011289669620605858,-25.629892,-5.295509,-2.145022,10.850225
ckyx1i83h002y386laem2t1qn,1,-1.0626898386766697,-0.0035924013187041003,-20.728624,-6.3211064,-1.9536963,9.746467
ckyx1ir2e001e3p67xsx4qrbg,2,-1.0297992512361875,0.023926595861795602,-26.456844,8.088371,-4.5927687,11.623226
ckyx1my69001i3p67ee1tasgm,1,-0.6291002623449271,0.2338341023276713,-14.103347,-11.467485,-5.261838,9.238582
ckyx1t1c2001q3p6769mv3eh9,2,-0.9447993359251181,-0.016594386328333103,-27.940475,-2.773894,-1.4272206,10.795943
ckyx1u33s003a386lwt61jsyk,1,-0.9539011988673889,-0.005941384623057327,-17.267717,-8.728308,-4.2372785,9.434072
ckyx1yn65003f386l13ijmq9g,2,-0.9474612169149148,0.015451430609660132,-27.986504,9.617752,-4.6570635,11.665544
ckyx22w4p001y3p67emdd4c89,1,-0.7997199548328097,-0.05931598240788127,-24.989681,-2.983362,-1.9575437,11.125345
ckyx2afup00263p67j6oifbjc,2,-0.934424344724124,-0.006770751984756538,-22.561325,1.7847371,-3.9743552,9.467739
ckyx2gylk002i3p67md8s90pn,2,-0.946009022136099,0.009741545509502961,-26.30691,7.423732,-4.492375,11.412654
ckyx2u8if002m3p67nqz93mnc,2,-0.9713524812060778,0.016173581685924216,-26.45382,7.7064767,-4.5979514,11.579906
ckyx2xxxr002u3p67ogf9zbkf,1,-0.7490944466843346,-0.05816063022040949,-24.130018,-0.59295106,-2.8178718,11.367188
ckyx3a1gp003n386l1kj2u4ab,2,-0.8323847570503341,-0.02535557438301074,-27.34496,8.460864,-4.421963,11.629556
ckyx3cplu00363p67n95kdosc,3,0.1869902818476438,0.4398757554416249,2.5256245,2.2814991,-2.869317,4.904093
ckyxalijp00033p679rse7nxq,2,-1.0265551863380202,0.036207878461437575,-24.770258,8.478343,-4.4350057,11.579232
ckyxaqw1300073p67tv2twa44,2,-0.8503061705019725,-0.011995950059205403,-23.045555,2.5360236,-4.0566144,9.432833
ckyxba69s000n3p677mfwc360,2,-1.0343821706701397,0.021154631189185053,-28.44344,5.731861,-4.1658907,11.213839
ckyxci4dp0003386ls5z7sg8e,2,-0.9006553397825013,-0.022296474583906656,-28.078083,-2.7613933,-1.4223762,10.756257
ckz3v9nzv00033867jsekqdcl,4,0.7002637175702594,-0.6056378391466313,21.754147,-11.768747,4.8665886,4.5761423
ckz3vb89a00073867yfftbbpw,1,-0.7656577958956478,-0.045715777946091274,-12.077723,5.2896476,-4.231932,8.6257105
ckz3vqjlf000b3867lm528m2k,4,0.22428710514779698,-0.8265160153633845,12.946071,-15.476289,60.179142,8.807876
ckz3vrae0000f3867229d9uf9,4,0.22428710514779698,-0.8265160153633845,12.06003,-19.08474,60.334114,8.973466
ckz3vswg1000j3867btyryxok,3,0.8116979459183767,0.221611417632578,5.620699,-13.532345,58.92422,9.149722
ckz3vwyqh000r3867ejpqrh3v,3,0.7610014929823207,0.8038148174903716,11.48184,7.133677,-1.5843778,3.8973942
ckz3vxvyj000v3867zug7yf6g,0,0.16120079925352218,-0.208299985155658,26.096216,11.843735,0.31472346,-0.8113537
ckz3vyyc0000z3867codcgkg7,0,1.1366232563884633,1.0236407073739389,14.476658,12.219962,-0.18390046,2.1316032
ckz3w0j4d00133867psu0dku8,4,0.22428710514779698,-0.8265160153633845,11.029171,-16.204514,60.065453,8.763222
ckz3w19jd00173867sbg0jtqu,1,-0.8875352236167297,0.005816866852001844,-15.74441,-7.0497646,-4.6814437,9.159589
ckz3w7jvs001b3867v3h4p4s2,4,0.7334149435838314,-0.3794795395874155,18.042255,-6.5434313,1.1559225,4.567271
ckz3wzlij001f3867sol86pit,0,0.9234589905682578,0.7981716485882963,14.301787,7.4096427,-0.43815124,2.7404337
ckz3xadsm00073867s2f56arc,1,-0.6100123560898302,-0.08929667056275785,-13.303604,10.125852,-21.90222,3.3391078
ckz3xchc8000b3867qdckbwsx,3,0.21352774948877842,0.6721562603362368,-0.3673889,3.167197,-2.9263299,5.928804
ckz3xift1000n3867lhvag405,3,0.5888854812162116,0.6914639257370498,10.695344,2.8679664,-2.5694776,4.1754274
ckz5msw6000033867l1jhmf1m,0,0.5352677777691497,0.05679645476709843,20.85373,9.745232,0.5057503,1.0033789
ckz6p2fe000033867xfkrbjp6,0,0.20300683171152287,-0.20736775165301974,27.241919,10.145973,0.45402753,-0.4229838
ckz6p4u2600073867ml8xhwcr,0,0.6190613336544866,0.20280582322789462,21.208838,8.868835,0.5948458,0.9195313
ckz6p5qlf000b3867nlmileuh,3,0.2184651197485539,0.7458024979015351,-0.4450972,3.7486367,-2.8957405,5.737712
ckz6ru2eb0001386lefk6js4m,4,0.6877404695847249,-0.6135788453631617,21.65253,-11.977618,4.902991,4.611717
ckz6ru3um0003386l39xwv0yk,3,0.2772299364805803,0.08931725619396129,13.691048,2.5345662,-2.7103102,2.9499292
ckz6ru5610005386l8uoys4lc,4,0.22428710514779698,-0.8265160153633845,9.63243,-16.192425,60.21072,9.165101
ckz6ru6of0007386lhf2t4dtw,4,0.22428710514779698,-0.8265160153633845,12.786467,-17.42437,60.14815,9.037124
ckz6ru83f0009386lx7517dwf,3,0.911506999441512,-0.1068857407057598,16.194899,-3.666407,0.7202004,4.2321897
ckz6ru99l000b386l18xh2byu,4,0.22428710514779698,-0.8265160153633845,10.623817,-16.895285,59.913937,8.790768
ckz6rub67000d386ld3mx1dyi,3,0.18129132202046355,0.5821470669179786,2.0622702,8.501722,-2.7248585,3.249211
ckz6ruchb000f386lxxpeu5na,3,0.6252979544614353,0.7819488704545451,9.254739,4.4816055,-2.2274005,4.3604097
ckz6rudsb000h386lkwwvc8dz,0,0.8559221349832918,0.5285819731581523,15.585571,9.194724,-0.6149901,2.527872
ckz6ruf3e000j386lbyqpxw51,3,0.5512015597947065,0.558987470091775,10.90031,4.0491285,-2.4852595,4.0313673
ckz6rugcj000l386lzjazem8c,1,-0.5861525886633131,0.08384396060980694,-13.4135065,-1.1442189,-3.1317606,8.999614
ckz6rui7o000n386lh32dwmkr,4,0.5657701608796081,-0.2974591409857216,17.962732,-21.88766,58.974724,8.842368
ckz6ruj49000p386lndk3j9jv,3,0.7435227673391778,0.7671305474329869,16.294746,13.033252,-0.82226354,2.1256247
ckz6rup8s000r386lkjotnoh0,4,0.22428710514779698,-0.8265160153633845,10.531626,-18.397291,60.07847,9.0317955
ckz6rut1n000v386l8rfix41j,4,0.5178185581950933,-0.8717032278018044,29.638575,6.604487,6.459881,-10.522659
ckz6ruunj000x386l4qiqzsvd,4,0.5178185581950933,-0.8717032278018044,30.389395,6.5262785,6.4805446,-10.522935
ckz6ruw8w000z386lc52x10qx,0,0.9064627638325162,-0.17018561844785188,32.15291,4.451077,6.154793,-10.309634
ckz6ruzco0013386lo3nqjmle,4,0.22428710514779698,-0.8265160153633845,11.301553,-16.747622,60.129086,8.893552
ckz6rv4et0015386le3rdpw93,4,0.5191566303363584,-0.8717317515494374,29.848185,7.0825453,6.5339365,-10.979239
ckz6rv5s20017386lyas5kerj,1,-0.597919069757341,0.022097557769951013,-19.00468,6.062479,-3.274736,9.783806
ckz6rva9o0019386ll7e0plel,0,0.8955382962083389,0.7010904757148605,14.463051,9.091143,-0.53473926,2.655019
ckz6rvlfq001d386lt59x4kz2,3,0.5670267834720965,0.5758547038254859,10.89065,4.0558386,-2.494053,4.0028286
ckz6rvnb8001f386l63s6p1ys,4,0.5101188200514517,-0.871539092116683,31.024115,6.073621,5.9753976,-10.287085
ckz6rvpuj001h386lhrb15el1,3,0.6554681401128453,0.6912949843870361,11.36692,5.7573023,-1.5627344,3.8750846
ckz6rvrjs001j386lscfviwaz,3,0.715724850652753,0.6503819443394168,9.967827,9.092254,-2.3660746,3.9017649
ckz6rvvx4001n386lwp0hh90g,3,0.697213623192128,-0.053731866452621006,16.735151,-3.3361347,0.67742425,4.255362
ckz6rvxvs001p386l9u5f2w3s,1,-0.7090277019706809,0.07944125420417213,-25.873695,2.1313765,-3.7400508,10.023303
ckz6rw3in001v386l6bltg9jj,1,-0.8580427916310082,0.07275297582561441,-11.3959465,-3.34969,-3.100214,8.767706
ckz6rw56s001x386l432ih3l6,4,0.6286927838249418,-0.22672445434840263,12.134719,-12.171186,58.60224,9.101007
ckz79xqyj0004386786ri5as0,0,0.8725779465082514,0.5667610235868831,14.694809,7.9742327,-0.35965967,2.6136992
ckz79y0wo000838671rd8ssx0,3,0.2122593166425033,0.43681323308864806,-5.6720815,7.266064,-3.0960267,4.7990026
ckz79y7oo000c38678tbjp6py,4,0.224287105147797,-0.8265160153633847,10.977894,-15.387728,60.07796,8.954143
ckz79z33c000m3867ov174kzl,0,0.8807065301028002,0.6088439530281983,14.534749,9.981198,-0.32191867,2.3990772
ckz79z95o000r3867xvvim5ef,0,0.4527612450873692,0.24140889316254488,23.812323,11.013261,0.041189834,1.8349752
ckz79zhc2000w38671rz6df6n,1,-1.0880615085764966,0.04406950755878335,-18.131891,-5.0088396,-2.8351688,10.100456
ckz79zn6200113867asfh0bfh,0,0.8639621445059653,0.5761418973125504,14.782584,8.078132,-0.423781,2.6093826
ckz79zzaq001538670wzakpti,4,0.22428710514779698,-0.8265160153633845,12.140824,-16.037048,60.219444,8.993007
ckz7a06t5001a3867vivq8h71,1,-0.7305292089078447,0.3544400216950583,-12.548226,1.7742469,-3.8984017,10.040187
ckz7a0dzm001f3867fxcmlsi8,3,0.5740182545816251,0.7306851606745451,9.257718,3.8012197,-2.29031,4.3340607
ckz7a0pxf001j3867szvg1429,0,0.7717018363346315,0.46482780485072844,15.572444,9.160757,-0.6341354,2.4783201
ckz7a0wb0001o3867ndy4xs40,0,0.16120079925352218,-0.208299985155658,26.094143,11.842331,0.29614332,-0.76897144
ckz7a27xl001w3867og0lu6bi,3,0.29478038919687677,0.1026618405661095,14.531365,3.3758137,-2.6788218,2.9620094
ckz7a2e9w00203867oznl9vvy,0,0.20529342485423535,-0.04846228852457482,25.303486,10.965614,0.34593698,-0.67828965
cl1opy0gk00063f6bh5mqp98h,3,0.5940249217400407,0.8177099196834465,9.183553,8.281219,-2.32496,4.0513525
cl1oq91jg000e3f6bwnchkkrh,3,0.5171870844456185,0.49446367538075164,11.119833,3.9793599,-2.6410415,3.467002
cl1oq979m000i3f6bkpz386rr,3,0.5514732379087168,0.6960084047031817,10.974729,2.377099,-2.569584,3.9494567
cl1oq9tac000m3f6b11v3uaro,3,-0.05084379095349286,0.7898063225590872,7.4832606,5.2791657,-2.1725204,9.107429
cl1oq9zqg000q3f6bxx1r3rep,3,0.14264649558562206,0.615965195022623,-0.8685915,3.7426932,-3.0590858,5.9849834
cl1oqa6q1000u3f6b8j72623d,4,0.5106008906134885,-0.8715493684378381,31.225615,6.676943,6.03135,-10.2315855
cl1oqahw5000y3f6bqgn5racf,4,0.6445678012149062,-0.5674889043672099,16.28732,-7.5790634,1.3190396,4.7380066
cl1q4slwo000a396bwuuaialo,3,0.49741840808450916,0.6770984054507129,9.975767,1.7849325,-2.8642144,4.5516562
cl1q4t360000e396buikeq0yt,4,0.45188046026734446,-0.24400344162229365,8.588802,-13.998237,59.376183,8.966306
cl1q4tlda000h396b22tgu0tm,3,0.9845744622175069,0.033711397820855596,12.564234,-3.2451906,0.21109591,4.3817854
cl1q4tzib000n396bku91irpm,4,0.60275316770042,-0.26861829848405766,12.397542,-12.3042345,58.757362,9.101899
cl1q4u81d000q396bjk6dyh70,1,-0.6100123560898302,-0.08929667056275785,-12.5270815,9.684666,-21.770065,3.2442958
cl1q4uh0r000u396bmu73xkhg,3,0.10077403950885204,0.5123054824455957,1.6364691,1.1484382,-2.9232888,5.6554747
cl1q4uov2000x396b1ak2gj95,1,-0.6100123560898302,-0.08929667056275785,-13.382278,9.637397,-21.820847,3.3151164
cl1q4v4np0011396btna91o1k,3,0.03323050896345472,0.645133777757879,-0.39299124,-0.49616617,-2.8604825,5.612429
cl1q4vcut0014396bw3korj1i,3,0.1465467342852764,0.5872456177012292,0.44917014,0.34578657,-2.9798012,5.5315213
cl1x87vu400073f6bz31cj9hl,4,0.22428710514779698,-0.8265160153633845,12.298284,-15.302273,60.033604,8.928074
cl1x89ku6000f3f6bcj5o6atn,4,0.5147872928627544,-0.8716386101741881,30.663485,6.493373,6.1378317,-10.130475
cl1x89vgd000j3f6bab0a53n1,3,0.3938494325078754,0.2232316337671211,13.589711,4.3300347,-2.451117,3.1713493
cl1x89ze6000o3f6baic4zklo,4,0.22428710514779698,-0.8265160153633845,14.516686,-16.758438,60.274364,8.879668
cl1x8a7j3000s3f6bvn1rm1tw,1,-0.7203914489864119,0.3061731154219657,-21.323654,5.2314982,-2.9895263,10.216065
cl1x8p06c00153f6b05wzxejg,4,0.5174537090645946,-0.8716954502954942,30.190756,5.834541,6.3822064,-10.351285
cl1x8p7bu00193f6b9qrfgs1t,3,-0.09831996345563021,0.7429473674334789,-0.7094433,2.2373056,-2.7657354,6.1195025
cl1x8pz2c001e3f6baljsd3f1,1,-0.4034899889919279,0.34626434560788927,-9.486619,5.974822,-3.9331286,7.516838
cl1x8q3k9001i3f6bqul43214,3,0.19351759345683023,0.5551230524742197,0.6084313,1.9090817,-3.0653539,5.290934
cl1x8q730001m3f6b3ehrw3ir,3,-0.05548090264891772,0.8418522485077817,-1.9545144,-0.22090255,-2.929283,5.992649
cl1x8qbrj001r3f6bqrp39tej,4,0.5790955973393945,-0.335695624744857,7.219696,-14.170365,59.00791,9.069674
cl1x8qhfm001w3f6bqonobao6,3,0.9878646369288131,0.09079667510875375,21.126764,-0.7093988,0.9166915,3.8303015
cl1x8qm6k00203f6bhtj7t6h9,3,-0.14982530066267424,0.69158970653063,-0.67373294,2.1864865,-2.7983003,5.8724575
cl1x8y8wp00243f6bczckj7d5,1,-1.0566800565532335,0.022748824468534403,-17.765444,-5.844003,-2.59086,9.88378
cl1x8zxp700293f6bs2hoa2iz,1,-0.5715101286174018,0.0957186242706984,-13.803371,6.980395,-4.2603817,7.8588114
cl1x9o3hb002i3f6bwfsaz760,1,-0.6577296735045605,0.03257723533149763,-13.522912,7.7498784,-21.55728,3.6314774
cl1x9r870002n3f6bpj1mow54,3,1.0856694554036856,0.11918631342730611,13.197396,-4.653022,0.43845248,4.3938885
cl1x9tim6002r3f6bnk8nzm3n,4,0.22428710514779698,-0.8265160153633845,12.706895,-16.217108,60.220707,8.86224
cl1x9tnl9002v3f6bkrmbhl5x,4,0.6844009367885824,-0.6156964470209031,21.640318,-12.000696,4.8579407,4.5811796
cl1x9ts9b002z3f6b0pi7kuyi,4,0.22428710514779698,-0.8265160153633845,13.584072,-15.681445,60.229565,8.958965
cl1x9twmy00333f6bapw23fc5,0,0.151037144903915,-0.20808332605129753,26.086185,11.841246,0.3091133,-0.75450224
cl1x9u25i00373f6bd1lovl0h,3,0.12402532374325057,0.4871953306064137,0.77613246,2.252245,-2.9371645,5.440338
cl1x9u91c003b3f6b9lj56i8z,1,-0.6100123560898302,-0.08929667056275785,-13.651787,9.7941675,-21.841919,3.3558595
cl1x9udl2003e3f6btxubnfcc,4,0.5083681427472133,-0.8715017728451183,31.217567,6.4166193,5.9591312,-10.292843
cl1x9un2t003i3f6byl7il2vz,0,0.16120079925352218,-0.208299985155658,26.09443,11.842405,0.25422314,-0.81329256
cl1x9v1p4003m3f6bem40q8rb,4,0.22428710514779698,-0.8265160153633845,10.320403,-15.671829,60.14047,8.9693
cl1x9v6r9003q3f6bfuilxdsj,3,0.05920659086583659,0.46168489134991425,-1.7690865,6.850137,-3.2409463,5.8631377
cl1x9vacg003u3f6bfq428da7,4,0.5377812941669415,-0.4178268136012276,18.538336,-12.444639,4.506663,4.3450675
cl1x9vdqc003y3f6b7vffk1iv,1,-1.0314069285101013,0.1588978826877019,-16.587578,-5.7881694,-2.8622558,9.891331
cl1xa59ta00473f6b7ox9kdpq,4,0.22428710514779698,-0.8265160153633845,10.407544,-16.290968,60.22781,8.869634
cl1xa5wph004c3f6bop56jnp9,4,0.22428710514779698,-0.8265160153633845,11.626685,-15.273869,60.33467,8.846925
cl1xa66pa004g3f6bbm5rxr18,4,0.6856312909766346,-0.6149162779891039,21.639765,-11.993182,4.899537,4.6147723
cl1xa7ty6004k3f6bi8j7q67t,3,0.13985869426131314,0.3120764721267839,1.797791,2.4193037,-2.9078486,4.975437
cl1xj98o800033f6bbzcyndpi,4,0.22428710514779698,-0.8265160153633845,11.566884,-16.063036,60.145844,8.709039
cl1xj9dfe00073f6bo87qdh30,4,0.22428710514779698,-0.8265160153633845,11.766789,-17.232801,60.144733,8.70541
cl1xj9ksa000b3f6bvr1hgnfn,4,0.22428710514779698,-0.8265160153633845,14.823715,-17.37698,60.128887,8.7744465
cl1xjb311000g3f6b7y8tt576,4,0.22428710514779698,-0.8265160153633845,13.344897,-16.39017,60.063484,8.774653
cl1xjb8ci000k3f6bjjkf3trc,4,0.22428710514779698,-0.8265160153633845,13.37943,-17.30721,60.335556,8.846785
cl1xjcojq000o3f6b4ewbxdvb,3,0.29478038919687677,0.1026618405661095,14.533736,3.3746564,-2.706999,2.979421
cl1xjcsw3000s3f6b3gcs37qc,4,0.22428710514779698,-0.8265160153633845,14.146723,-16.163004,60.30383,8.798099
cl1xjczhw000w3f6bjpdezu1r,2,-0.9712438068925606,0.012360960007123445,-26.857666,6.987493,-4.372015,11.318904
cl1xjd69n00103f6bcv0qdi0b,4,0.46309158942624123,-0.45041863962790507,10.922747,-12.055734,58.620087,9.042511
cl1xjpgtn00073f6bywfj7mmu,1,-0.798437715737586,-0.0033641036916844495,-16.032515,-10.643195,-5.1156535,9.424891
cl1xjpl2g000b3f6bw2201tgt,3,0.4643735927927931,0.5442507716898617,11.774042,3.3026202,-2.6819153,4.010697
cl1xjppwx000f3f6badczuxde,2,-0.9038563115872318,0.6105892855543641,-26.026438,10.674789,-4.457286,11.521852
cl1xjpyua000j3f6bm88dbeo1,4,0.5155337056668873,-0.871654521491522,30.659346,5.819491,6.1601152,-10.168768
cl1xjq2wa000n3f6bm0y9yd49,3,0.5578974131626979,0.5675751502042516,10.889936,4.0526357,-2.541536,4.0230145
cl1xjq75s000r3f6bsg655wl7,3,0.5777416847006637,0.8591701439007262,7.8753543,5.093421,-2.1845002,4.732271
cl1xjqd2e000v3f6bu8wn4l6o,2,-0.9364610256288946,0.04431802330411925,-25.144384,8.361428,-4.5562215,11.602852
cl1xjqgt5000z3f6bzn3yijdo,3,0.20707145556382486,0.5933858314720809,0.7975215,3.119927,-2.9187891,5.46289
cl1xjqp7y00133f6bk6y0p790,2,-0.983393572484028,0.010587970907407183,-25.852547,8.125933,-4.5979395,11.563093
cl1xjqvi800173f6bjzevd5tf,0,1.1267780469998578,-0.3252050332319737,23.54462,1.8825016,1.1421207,3.0339222
cl2969hqg000b3g6cw9vx081g,1,-0.3393755027818082,-0.40850428135075206,-13.979516,-11.785506,-5.225625,9.277259
cl2a5n8ms00033g6clsnps8u7,2,-0.9426575146014299,-0.002048069275585523,-30.075794,7.282005,-4.078252,11.532933
cl2a5u9v400073g6cm5x4iwo2,3,-0.07743302661584794,0.7425797761796212,-3.3928268,3.977346,-2.8883855,6.0084715
cl2a5xma9000b3g6ceejjo0ph,2,-1.0164745564669049,0.02401120140750083,-26.384058,8.254434,-4.633787,11.680872
cl2a6y0r6000k3g6cjw7il1ik,2,-0.9944177726085213,0.1413484785894647,-24.01123,9.853516,-4.6310134,11.488641
cl2a7u7o5000f3g6czlbiqfu0,2,-0.8646816897458612,-0.010761474686448199,-22.923635,2.5135455,-4.1126876,9.391596
cl2a835jz000s3g6cjsdd884g,2,-0.9393140875772821,0.021258512233399,-23.770353,5.1392026,-4.334458,11.041413
cl2ewyr6y000b3g6cxz12248a,2,-0.8729569208568564,-0.018240315591641708,-20.92257,10.521182,-3.502939,11.411956
cl2exbmcs000n3g6ch02xn4u6,2,-0.9532890962632306,0.020569055381423264,-26.853132,8.024048,-4.326972,11.557675
cl2exh1ew000z3g6c561hq8tb,3,-0.009864496952292679,0.39265277821494093,2.3346665,-1.2773204,-3.1202328,5.2719064
cl2exlnvr00173g6cz76vbqsh,1,-0.6100123560898302,-0.08929667056275785,-13.066931,9.583316,-21.923286,3.3373563
cl2exruud001g3g6cfd8t0xrb,2,-0.936954029846545,-0.00990161187243399,-23.74165,12.379717,-4.624766,11.086979
cl2k3myz3000c3g6czbz9va5l,2,-0.9885038964826136,-0.0038852904935296746,-27.222876,-4.3267426,-1.697232,10.873979
cl2k88mdi000n3g6cm4ynh2gx,2,-0.8365578426441365,-0.029283946544282215,-27.360415,2.5206645,-4.036433,10.171554
cl2k8lcht00033g6cw07bj64y,1,-0.8180305633104962,-0.056916168500169825,-25.15522,-2.987269,-1.9643124,11.182019
cl2k8llkb00073g6cnsr3ko43,3,0.04906461516480797,0.7775068339101473,4.860719,4.100921,-1.883107,4.8210373
cl2u3prdt000e396c1o2vgo92,4,0.5049347454363401,-0.2878313509779227,9.723822,-12.579435,58.696465,9.07478
cl2u3q2m7000j396cu4ux8sau,3,0.22188795578805157,0.7277623521850589,-0.2736492,5.156171,-2.6691658,5.909837
cl2u3qrc2000n396c9s3kkyo1,3,0.9149963534569079,-0.190426145978078,20.759817,-10.384711,4.5448117,4.4024186
cl2u3r9cd000t396cj2nej9zr,3,0.45739827444325315,-0.06498102759665708,1.3335754,-3.1972415,-2.8603225,5.472364
cl2u3skfg0011396co4urj4aj,4,0.22428710514779698,-0.8265160153633845,12.298367,-17.52154,60.21162,8.659546
cl2u3sxy20015396c6p2mtiap,3,0.1552088689931448,0.40276824061726635,0.84228134,1.850501,-3.0100832,5.14359
cl2uc2kz30009396c7vg429f4,1,-0.3978918509997656,0.27208146017460777,-9.304114,6.837736,-3.9969869,7.4672823
cl2ucqlic000d396cf2q9ivy6,1,-0.5784177191771588,-0.08769277914115102,-11.459524,8.479111,-21.467297,3.5288906
cl2ucr50d000h396cr0l8f9ez,0,0.411231543175442,0.24339396395276486,14.9542675,4.4367447,-2.6582186,2.9877403
cl2ucrbec000l396crh67eapj,3,0.9340838894775199,0.0977672293068726,15.529164,-4.588651,0.84717417,4.3685684
cl2ucrs1x000p396c2z3axlap,3,0.9390341364647994,-0.18069178935314567,20.213942,-10.866937,4.5901933,4.443498
cl2ucsqmg000t396cytb7tb1r,4,0.22428710514779698,-0.8265160153633845,12.33716,-16.876865,60.224056,8.660315
cl2ucsxpp000x396cdbuf0czr,3,0.06147189804415615,0.5320841566731861,-1.7480024,6.782117,-3.1528893,5.76066
cl2uct5hl0011396cx2hm39g2,4,0.22428710514779698,-0.8265160153633845,11.970669,-16.678654,60.260513,8.725565
cl2uctko10015396cqneyuaad,1,-0.5469055327815612,0.3384389805817993,-9.988758,3.9788382,-3.7398877,8.1736
cl2uctrmr0019396c46gysl78,3,0.8426182131838823,-0.15587459909400475,16.217533,-3.6706562,0.81496763,4.1693716
cl2ucxeoq001d396cmlghy79f,4,0.22428710514779698,-0.8265160153633845,12.964288,-16.841457,60.0116,9.059734
cl2ucxml8001h396cg8shefje,4,0.22428710514779698,-0.8265160153633845,11.566811,-17.697414,59.98388,8.866122
cl2ucz1ed001l396caznqusgz,1,-0.8380720413096189,-0.03818584316137072,-14.817809,-9.651527,-5.276455,9.313511
cl2ud83u7001p396chrv60yl8,1,-0.6100123560898302,-0.08929667056275785,-13.886222,10.019719,-21.878813,3.2402427
cl2udkxth0027396cjrirxqau,2,-0.9504660368798279,0.047621570030376315,-21.48184,7.7374353,-3.5858457,10.591429
cl2udl5ii002b396calas596q,4,0.5453186327964792,-0.404642708728633,18.539684,-12.442346,4.5055904,4.3438063
cl2udlavb002f396cr26b4twj,3,0.12452432145963094,0.5116876886737382,-3.2192678,2.2477167,-3.1219122,6.0792966
cl2udljsx002j396cqvmp8k92,1,-0.44794252956464087,0.5249413111854306,-8.094521,4.6428814,-3.643094,7.667639
cl2udlrxj002n396cq7vc183v,1,-0.5565353853553378,0.21885452945700876,-20.56296,-0.8862142,-3.676662,9.474292
cl2udlyc9002r396cukvwi44n,4,0.22428710514779698,-0.8265160153633845,11.898338,-18.020582,59.9682,8.585971
cl2udm4mw002v396c6mdmottx,4,0.4932043866768889,-0.3629980939787047,8.162452,-13.412718,58.932606,9.026619
cl2udmra80037396c825qcin0,4,0.5059609614538852,-0.871450458846717,31.174147,6.174266,6.040907,-10.24862
cl2udmy3e003c396cg9bct67t,3,0.8235595047080223,-0.024539575270413228,20.129486,-10.87217,4.5648055,4.4147487
cl2udn7s6003h396cssvi9o83,1,-0.6891362475432357,-0.049285974785157866,-14.717837,6.3325977,-4.364879,8.04951
cl2udsvf3003q396c37ertluo,3,0.27723916605372556,0.7300618845058289,0.6371467,5.269564,-2.5455494,5.5591836
cl2vz88mm00043f6c97ce4nes,4,0.5175105686693477,-0.8716966623743995,29.804272,6.2156224,6.391535,-10.394775
cl2y6vcnk0003396crlfnynr8,3,0.14191079637552825,0.48694721371701943,1.3667783,-0.50302726,-2.9931552,5.275963
cl2y6vvt70008396c0ckvnogs,4,0.5276764738151938,-0.40664822209666573,6.101366,-16.26139,59.103348,9.00862
cl2y6w4lz000d396c9ut3tf7y,3,0.5710326115236483,0.08807416185609382,6.3055367,-12.298353,59.126236,9.15319
cl2y6ws55000i396ckilwz9ni,3,-0.2316728746689218,0.6521356433229991,-1.8205923,4.0269303,-2.96539,6.3526597
cl2y6x5bp000n396cjm1cw2ku,3,1.0969658553480994,0.32437243197668,13.210992,-3.6407235,0.26642588,4.377975
cl2y6xpxp000r396cfihfei9k,4,0.5180385507134831,-0.8717079173928077,30.556845,7.3710794,6.522256,-10.625392
cl2y6y2wp000x396cjmwsx95y,3,0.965448987657414,0.013144422384088611,19.864513,-8.641025,4.4602876,4.420142
cl2y6yd760010396csyxzatmo,1,-0.3808193270477646,0.4275398774350977,-16.908487,-3.1527498,-2.4292154,8.806093
cl2y6yo4e0014396c3fyhh60p,3,0.7456987079722464,0.9911890022876887,8.196319,7.578781,-2.187353,4.4581676
cl2y6yu2k0018396cf3j7xkar,3,1.0901874963819254,0.3132049862032771,12.599673,-3.1854386,0.18678187,4.4748983
cl2y6zf1z001g396cxj1g5ctg,4,0.518465682254806,-0.8717170225762393,30.310198,7.3668613,6.570578,-10.9378805
cl2y6zn5g001k396crexidmbw,0,1.0343122699804814,-0.4937517108309535,23.509718,4.4997945,1.1079099,2.456172
cl2y702oj001o396ckjtscowe,1,-0.630996219973611,0.17077772476824787,-15.227062,-0.20934066,-2.8133147,9.175235
cl2y70qpu001w396cr03czee2,0,0.9233419872660494,-0.6104368953251784,24.305948,3.164443,1.2952915,2.679322
cl2y710l10020396cumqlujzb,4,0.7023830364601196,-0.6042939765561416,21.753323,-11.762557,4.8721523,4.588833
cl2y7181x0024396c92jo5fle,4,0.29140241267796924,-0.7787979215459349,11.171768,-23.076141,60.16505,9.033422
cl2y71h0y0028396czyytm4ls,4,0.6915937766571972,-0.6111354588349985,21.766237,-11.858437,4.9494076,4.652095
cl2y71xgv002c396c8i3p7ljc,0,1.0564552548291053,-0.22530439375177733,25.13643,2.4706693,1.3421913,2.6965659
cl2y725lh002g396ct8mx38g5,0,0.8993093971641509,-0.6283000551841342,24.330305,3.1796353,1.277283,2.6120555
cl2y72fbh002k396c3n09c56s,0,0.14836249902243945,-0.20802631049751846,26.085363,11.841619,0.30579,-0.7715891
cl2y72tbg002o396c6g5h89tz,2,-0.9338321877842756,-0.007252158979687754,-22.531368,1.7529593,-3.8984036,9.450618
cl2y75jjc002x396cvyzjiqsk,4,0.22428710514779698,-0.8265160153633845,11.113563,-17.221136,60.42172,8.955079
cl2y77h1d0032396c2renauon,0,0.7239381692937058,0.7608334849669711,13.576506,12.383109,-0.25871328,2.3788774
cl2y7hcvy0037396c6ud7pt1p,1,-0.6508751255896743,0.27094924824955163,-12.972366,-0.6343286,-3.2728372,8.941183
cl2y7iooi003c396c6izghkdd,1,-0.8072093701685732,0.06941116997536052,-15.515832,-7.4789553,-4.8719325,9.18461
cl2y7xe87003h396c2n8hv156,4,0.22428710514779698,-0.8265160153633845,13.827848,-16.965506,60.26598,8.878862
cl2y94vuu003x396cqcjvxpgf,1,-0.9471658574263042,-0.01861499658605946,-20.747377,-5.4501805,-2.1906857,9.749935
cl2y96xhq0042396cgnqc44hu,1,-1.0009130309249703,0.04432115161871175,-13.075003,-6.327866,-3.3540146,8.934683
cl2y9is9a0046396chlhjr8w9,2,-0.8443606925982149,0.0540970263482009,-27.069168,6.2743874,-4.291754,11.190739
cl2ydfxde004f396clzj0ilmi,3,0.1044792645658495,0.5211455979590097,-2.4016488,2.601818,-3.2054179,5.9279947
cl2ydgblh004j396cfhys7a3j,1,-0.8106696120611014,-0.04078966835969115,-14.522394,-10.3918705,-5.2774186,9.277339
cl2yhyonl0007396c1c75isha,1,-0.9604361904158553,0.13465222026302512,-20.07461,-4.9113665,-2.211636,9.841727
cl2yib5ts000b396cekhoxqfd,1,-0.7301802933528521,-0.057658581315456155,-24.638798,-3.1449006,-1.9157261,11.132684
cl2yibj50000g396czhbho4cb,2,-0.9447899331037682,-0.016261676669124373,-27.934942,-2.7752266,-1.443475,10.8016405
cl2yurphq000c3f6ct5e98hvn,1,-0.8288152869359883,0.03207502341587034,-15.922804,-5.3548555,-3.0591843,9.72891
cl2znupsg0005396cminm52kf,0,0.16260648309340542,-0.19589449435487427,27.040812,11.898182,0.26381254,-0.8326026
cl2znv05l0009396cqytv20ry,4,0.6440437893325093,-0.5678312265510927,16.287294,-7.5791416,1.265709,4.7352667
cl2znv977000d396cdb4prn6m,3,0.07851065239369971,0.5045233399720503,1.1051745,0.9451524,-3.0011182,5.5881906
cl2znvon7000h396ciogihw0p,4,0.5151082503685315,-0.8716454520406418,30.802876,5.9365172,6.153279,-10.167937
cl2znw4nf000m396ckrqij0o0,1,-0.5590524714544619,-0.04193617580402204,-14.788006,6.3155766,-4.4152,8.005871
cl2znwce2000r396c6wzup6l1,1,-1.0643845041580517,0.14143334614876482,-16.82895,-5.2852545,-2.7234867,9.924133
cl2zny5y5001c396cjw8l8war,0,0.16120079925352218,-0.208299985155658,26.097546,11.844671,0.2536238,-0.77600497
cl2znycyz001g396cwpsh1fpn,4,0.22428710514779715,-0.8265160153633846,13.571804,-20.220613,60.186974,8.881613
cl2zo7z5b001l396cgg30lmke,4,0.7374098869481511,-0.3320883328309128,15.586452,-6.7401085,1.2782164,4.7174945
cl2zogjmc001p396clblhoug4,4,0.22428710514779698,-0.8265160153633845,12.934203,-19.3263,60.052475,8.648665
cl2zogo0e001t396cagx04dw7,4,0.22428710514779698,-0.8265160153633845,10.388227,-19.094233,60.143486,8.517641
cl2zogsca001x396cm1lqtvrw,4,0.22428710514779698,-0.8265160153633845,10.483366,-17.768734,60.408092,8.672044
cl2zogw6e0021396c7d7901iy,4,0.6392694588484464,-0.5709501620042495,16.290058,-7.58505,1.3014042,4.6947665
cl2zoh1q10026396ccr8og9at,4,0.22428710514779698,-0.8265160153633845,14.146724,-18.30655,60.126488,8.691306
cl2zoha2s002a396cu2ma50sw,4,0.22428710514779698,-0.8265160153633845,10.996983,-17.792376,60.528313,8.981254
cl2zojo2h002e396c7qt651e5,4,0.22428710514779698,-0.8265160153633845,14.603842,-19.45315,60.291695,9.044273
cl2zojswm002i396chs5urjya,4,0.22428710514779698,-0.8265160153633845,12.5617285,-18.787035,60.25178,8.580848
cl2zok2ke002m396c0272jqkb,4,0.22428710514779698,-0.8265160153633845,14.310122,-20.165846,60.392776,8.631516
cl2zolye7002q396c2vl57kh0,4,0.5296150970107677,-0.26429895253989033,13.091793,-12.802402,59.28094,8.870774
cl2zoslp4002u396cuf27qdfy,3,0.8800343592890568,-0.1402654006969534,16.207932,-3.6902988,0.652206,4.2177334
cl31445hf0007396cqok6byk7,2,-1.0328200876327844,-0.0006337410936815742,-27.335743,-4.141467,-1.6299365,10.921119
cl3144hts000b396c4ihaxgzt,3,0.26809901307618433,0.472542100725098,7.386705,9.966431,-2.7463431,4.283009
cl3144p8j000g396ci3uqwj2m,2,-0.7500455387278969,0.06293890871699945,-26.54215,4.9239783,-4.218538,10.706716
cl31452bd000n396cl5uyjaty,3,0.5285937274826833,0.5399310297635961,10.88542,4.034804,-2.5271468,4.1212516
cl31459ks000r396cqrqm7umg,2,-0.9950210993821791,0.02725669497178292,-26.639124,9.1118965,-4.661637,11.740425
cl31722oi001o396catkehdu1,1,-0.7400150800810964,0.2139214012582228,-13.679846,-8.493891,-5.13524,9.216009
cl3175c4i001s396cws1cud05,1,-0.9650990306939949,0.004591515163186257,-21.981665,-6.716998,-1.9220117,9.793518
cl3178ar0001w396cxexl3rlk,3,-0.12666620451398727,0.30044948750963474,-6.4566684,-1.5960509,-2.6536162,7.976283
cl31b33wl002d396cl7y99mp1,1,-1.0484481113641975,-0.005476573111391989,-20.678545,-6.2950554,-1.8912264,9.66467
cl31b41i8002l396cg1a5d10o,2,-0.949205198094023,0.06455954448865148,-20.462051,8.013933,-3.5673392,10.534238
cl31bo6340035396c2qhutocv,3,0.3017386560855466,-0.01270577394499876,7.402484,-12.461851,58.99198,9.174658
cl3eif4dj00073f6cdbjovo0m,0,0.2648036249334308,-0.16405422366768943,26.671803,9.868547,0.39874387,-0.23793578
cl3eifart000b3f6c3hkg8msi,1,-0.6968692006337501,-0.04967853562261408,-14.714042,6.339677,-4.3997216,8.084107
cl3eifnhz000j3f6cdfd15aua,3,0.6167432510750559,0.8574000647944294,6.7608275,6.792719,-2.109678,4.2593884
cl3eifs8h000n3f6c4816q27h,2,-0.5965195185537338,0.3004015474573576,-22.591146,3.2397077,-3.9858937,9.193325
cl3eifwej000r3f6cr6n98ma8,2,-0.7852480885378039,-0.021826796637493838,-26.299246,3.1683598,-3.9540548,10.207258
cl3eig0jc000v3f6cph2jn9xc,0,0.37420723713795906,0.26329983240852123,26.612658,13.292529,0.2969363,-0.8478449
cl3eig4zn000z3f6cacqbhiju,0,0.19836419663831928,-0.20570477096008835,27.88748,10.686845,0.43383402,-0.52785826
cl3eigbqf00133f6ch7lzecih,4,0.6795172613674306,-0.5951240429197444,31.991095,4.915843,6.101301,-10.31298
cl3eignet00173f6czwrmluc4,0,0.5447046264295577,0.32119119749698366,16.738344,5.0505867,-0.93301535,2.1460936
cl3eigva5001b3f6cirpoh7qk,4,0.5176192708549049,-0.8716989795840722,29.74482,6.30165,6.3739724,-10.371464
cl3eih416001f3f6ce5tt7j4o,0,0.9817971715305633,0.8763035038824809,14.025207,9.749184,-0.5135094,2.6449518
cl3eih834001j3f6c967zz90h,3,0.6081859634541601,0.5954385981592882,11.372214,5.65971,-1.6289264,3.8722594
cl3eihd2v001n3f6c28nxj5k1,3,0.5286693528172843,0.5204755573110758,11.003538,4.012618,-2.558825,4.072252
cl3eihj38001r3f6c9dpygu55,0,1.148226149536856,-0.21662493003595118,22.569618,1.8405248,1.0651157,3.0825794
cl3eihow6001v3f6c6ve22g3c,4,0.5170007929025963,-0.8716857954600744,30.857964,7.198662,6.3180633,-10.30327
cl3eii73r00203f6cpewm53h1,3,0.7325708701865064,0.8773544924176117,12.466576,10.633212,-0.6214612,2.5821228
cl3eiice500243f6cxnq3uoud,0,0.979851877443344,0.7400626301745751,15.305776,11.868184,-0.17059174,2.074109
cl3eiij5d00283f6cf3ph83fn,0,1.1305672235185873,-0.23496262578777383,22.569723,1.8605117,1.0072861,3.063162
cl3eij7wr002c3f6ch36pipjr,3,0.6287994174482241,0.7737943984698048,9.296956,4.469691,-2.2095168,4.3802247
cl3eijcsc002g3f6cnxsfl10v,3,0.6050616969793057,0.9119058684853595,5.408957,3.232709,-1.9487644,4.7123637
cl3eijiwf002k3f6c15310owg,0,0.6867462001851933,0.17841379449382017,18.918251,9.5265255,0.4336606,1.5048214
cl3eik9jy002o3f6cq4tk56vg,0,0.5855885154172148,0.058603087586899014,20.050205,9.418838,0.5768686,1.0223404
cl3eike1l002s3f6c7g1zqqr6,3,0.11176307598116107,0.520688508715143,3.4911864,1.0086484,-2.8706288,4.747507
cl3enjr5u0003396cif4d6vs1,1,-0.45935649880571844,0.35251506939706656,-16.161528,7.950764,-4.0124106,7.634645
cl3g4432m0003396c644k0st1,0,0.7590217166822733,0.48202479456056,15.524775,9.143162,-0.576898,2.5282643
cl3g5f3gs0007396c1pgai157,3,0.23522120154933654,0.3038292403311911,17.783577,1.2360604,0.35186654,0.026930474
cl3g5fe45000b396c31bq1d83,4,0.7388398493343178,-0.42287612215841697,32.667374,5.9261928,6.4600296,-10.769098
cl3g64xob000j396cq58md4lq,3,0.701242003046373,0.8819249631259836,9.903344,5.7083006,-1.3772591,3.96742
cl3gzg2n80003396c3gkxf366,0,0.5486000738158532,0.03409850676561071,20.099113,9.436586,0.51792514,1.0840898
cl3h2i3vc000f396c6xy82b7e,1,-0.7892107367721775,-0.033646977454250826,-30.666002,5.718694,-3.88372,11.387842
cl3h2kly8000j396cka80wa1u,1,-0.7841777912340975,-0.006166001161155066,-16.75453,3.7653227,-3.66765,9.033306
cl3jyjbuf006p3r6cmo04geoy,3,0.05717319612110356,0.6298292466969337,-2.2462194,1.2341832,-3.1417997,6.092348
cl3jyjemv006t3r6c4wkaaj1q,3,0.7115839423432104,0.056119061675585655,13.0142,-5.5929155,0.6274964,4.4920077
cl3jyjirk006x3r6c8cantkc1,4,0.22428710514779698,-0.8265160153633845,11.421944,-18.579786,60.444782,8.781387
cl3jyjmr700713r6cv9p7151g,0,0.21891191385099332,-0.14944222204916238,25.393839,12.831748,0.18544589,-0.7913384
cl3jyjqsk00753r6ct7wlfs2m,4,0.6902451191818317,-0.6119906441198557,21.767542,-11.891682,4.9557996,4.6674714
cl3jyjuin00793r6c0ivxhro1,1,-0.5116560990304636,0.1451768135254426,-11.489926,-1.9062079,-3.0386772,8.555638
cl3jyjxya007d3r6c1mordt7r,4,0.22428710514779698,-0.8265160153633845,9.872588,-16.841219,60.181408,9.078472
cl3jykglr007h3r6cenftbah7,4,0.22428710514779698,-0.8265160153633845,13.027347,-19.87226,60.077118,8.46294
cl3jykk29007l3r6ci46ldy36,4,0.22428710514779698,-0.8265160153633845,14.831842,-18.838587,60.244095,8.628666
cl3jyknud007p3r6cndynxu40,4,0.22428710514779698,-0.8265160153633845,12.872249,-18.443857,60.348442,8.715802
cl3jyks00007t3r6cqyitm730,4,0.22428710514779698,-0.8265160153633845,11.942293,-18.603899,60.618767,8.784014
cl3jykvab007x3r6crwwlde72,4,0.22428710514779698,-0.8265160153633845,10.280326,-17.3394,60.06416,8.782444
cl3jyl2yq00813r6codsf3poo,4,0.516927009567935,-0.8716842226172115,30.858728,7.2170486,6.2192454,-10.213404
cl3jyl6c200853r6c9m4njl4w,4,0.22428710514779698,-0.8265160153633845,12.319892,-18.1268,60.052097,8.632763
cl3jyn1rs00893r6cakfm6vm5,0,1.0213012795363852,-0.4894143705176995,23.497,4.5203433,1.08568,2.4279566
cl3jyn60x008d3r6cku0rkrip,4,0.22428710514779698,-0.8265160153633845,14.88445,-18.122711,60.204514,9.020144
cl3jyn97i008h3r6culswt5n8,4,0.22428710514779698,-0.8265160153633845,13.542631,-17.883959,60.49388,8.726602
cl3jyo2e4008l3r6ce4fu6kem,4,0.22428710514779698,-0.8265160153633845,14.095225,-17.656448,60.19556,8.625699
cl3jyqf4u008t3r6cb8djnuyz,4,0.22428710514779698,-0.8265160153633845,13.768964,-19.566069,60.227318,8.986213
cl3jyxafo00913r6cnezfj168,1,-0.3811262108194324,0.37838767302285836,-15.092117,-2.2259068,-2.8706708,8.838203
cl3jz538s00953r6cklgxwd48,1,-0.6100123560898302,-0.08929667056275785,-11.9739485,11.288461,-21.959608,3.2800708
cl3jz71z600993r6cgh4i02wf,0,0.5660606267401409,0.05671042874502106,20.041183,9.40343,0.50963134,1.07963
cl3jz8aib009d3r6ciaa2pppn,3,0.8242163427036905,0.021352555978483553,15.421546,-5.782583,1.0672204,4.562253
cl3jzfaz9009h3r6c2pqqbady,1,-0.6100123560898302,-0.08929667056275785,-12.721161,11.119414,-21.867239,3.2744913
cl3k0tu4r009l3r6cmuk4qbb9,1,-0.7997009039421387,0.04350107285076089,-11.241818,-3.389217,-3.1684048,8.678071
cl3k0ty8z009p3r6csrzn2gxo,3,0.978928769901138,0.13659593741567608,17.58632,-3.1390154,0.8711311,4.096469
cl3k0u23x009t3r6cppaivuyn,4,0.22428710514779698,-0.8265160153633845,8.849257,-17.514254,60.182076,8.839304
cl3k0u6kf009x3r6c7u9wpmyp,1,-0.9003758123941704,0.019928290614705794,-18.859406,-6.07357,-2.343753,9.75809
cl3k0ubkf00a13r6cwl8su137,1,-0.4565483194399471,0.18565141273007896,-10.552288,-0.28914377,-3.0557547,8.251233
cl3k0ueqa00a53r6ckl4xduum,0,0.16120079925352218,-0.208299985155658,26.097082,11.844174,0.2696758,-0.8011631
cl3k0ulgg00a93r6ctw649mjq,1,-0.473244760724452,0.26730408796621874,-18.413574,-7.246752,-2.5456145,9.508611
cl3k103yd00ah3r6cjm0f53ob,4,0.5174537090645946,-0.8716954502954942,30.190756,5.834541,6.381119,-10.362729
cl3k108u000al3r6czwlj6am5,4,0.22428710514779698,-0.8265160153633845,9.730573,-17.994322,59.97511,8.567504
cl3k17l4i00at3r6ceml90e9m,1,-0.8701232701123094,0.019219755647331957,-15.57185,4.271346,-4.002778,8.758991
cl3k1gn8800b13r6crkr981b8,1,-0.9305143122870259,-0.023209410246445385,-27.453625,-2.7831812,-1.4883977,10.845485
cl3k5uktg000b3r6clmzq4v58,1,-0.3934674645133654,0.08298821806329265,-18.551805,5.2033677,-3.7361195,9.981888
cl3k5uog2000f3r6cn0nwlpn8,0,1.306978882200452,0.1089648287020677,20.97087,2.3093054,0.896701,3.021425
cl3k5ur8t000j3r6cj4lah4gn,1,-0.4386829794850123,0.46045063195693914,-11.015456,0.7581693,-3.241563,8.159515
cl3k5uu70000n3r6ciahwog5w,4,0.22428710514779698,-0.8265160153633845,11.70869,-19.681763,60.40889,8.86563
cl3k5uzg8000r3r6crgufjvav,0,1.3660025300583665,0.34835969905454744,21.18485,1.3499254,0.88318664,3.0553613
cl3k5v4uo000v3r6c0xdq1osy,4,0.5192070355652582,-0.871732826040105,29.996828,7.1671996,6.5243487,-11.100752
cl3k5vfqr000y3r6cttf33lc6,4,0.5770761983237671,-0.13148016216217862,15.218443,-9.668935,1.3742701,4.6383657
cl3k5w07t00163r6ctvw492wy,1,-0.7291118814305669,0.27085816741336605,-10.501819,5.566791,-4.0580025,8.309569
cl3k5wa0n001a3r6c0kq0w4yz,1,-0.3309414346194135,0.45147303579999715,-10.463397,-0.33614302,-2.9760313,8.171609
cl3k5weaf001e3r6cyh227f96,4,0.22428710514779698,-0.8265160153633845,9.124028,-16.827988,60.453053,8.908599
cl3k5wqs3001m3r6c3lucysq8,1,-0.85392195218863,0.028273165927334,-20.975119,5.8997703,-3.1986911,10.240411
cl3k5x72s001u3r6cm35rzvar,3,1.0892650378009199,0.39419792205841636,13.496096,-3.1641564,0.34622264,4.3302135
cl3k5xb7w001y3r6c1m8pmo4u,3,0.9248019222282524,-0.2229286404053958,20.336706,-10.921508,4.519755,4.3775477
cl3k6chq900223r6cmikyp2xr,2,-0.7574756248532749,-0.04576790993932451,-12.303654,5.1483364,-4.254597,8.791249
cl3k6ht0a00263r6c4r3z8fg8,1,-0.7197827424611201,-0.021749913013296557,-15.313967,6.705085,-4.3840384,7.952558
cl3k6ulfk002a3r6c3z49j1qz,0,0.4034693303987384,0.13588795421712438,16.881296,2.664375,0.24548772,0.41148365
cl3k81f16002q3r6c33l27tfv,1,-0.6600037301960593,-0.06609776751015801,-23.873926,-0.67957383,-2.6707537,11.269177
cl3k868hn002y3r6c0qoe389f,1,-0.9731400418449894,0.03140202033144568,-22.72955,-4.638964,-2.1969647,10.377335
cl3k87qke00323r6ckcpb0p4u,1,-0.8203193893702069,-0.05661619176170594,-25.171526,-2.9836488,-1.9607178,11.143513
cl3kdfqon00033r6c5igdkpmt,1,-0.78269906090798,-0.01640312256818094,-14.521163,-8.233068,-4.969822,9.426407
cl3kdhvvp00073r6c8iipf577,2,-0.9563051507225369,-0.004477450735143043,-22.67733,1.9831051,-3.8819902,9.339003
cl3kdryuo000b3r6cy0lkwmge,1,-0.5962793997315655,-0.09109653099354138,-10.7924595,9.624993,-21.737247,3.4356618
cl3kdzgwe000j3r6c7mwygedj,4,-0.23575487620056726,-0.4393472702416599,-28.894224,-2.6731567,-1.3685445,10.731158
cl3ke3qo3000n3r6ctmgg8970,1,-0.651874262940134,0.49783801778897374,-7.7483997,6.4073544,-3.782291,7.7065015
cl3ke51d0000r3r6ctleoea6a,1,-0.5585140829121851,0.15843685885221276,-12.997469,-0.66665006,-3.1282241,8.799963
cl3keak9x000v3r6cyk4xdhe9,1,-0.5448229556630537,0.5539037411510989,-8.102157,4.5883274,-3.8811362,8.193693
cl3kedcar000z3r6cqv7p9cck,1,-0.7529993428582819,-0.05698096506462529,-24.132252,-0.6371338,-2.7505133,11.361383
cl3keryt0001b3r6czoupo9sx,1,-0.9115669266463878,-0.016078486679221998,-17.764809,-8.292195,-3.644524,9.403773
cl3kes4qr001e3r6c50ognslo,1,-0.5974485006860905,-0.03413380524654163,-17.181597,0.8155763,-3.0809298,9.272916
cl3key719001i3r6csdg92www,1,-0.6100123560898302,-0.08929667056275785,-12.7443285,10.192549,-21.932932,3.3112235
cl3kf15ey001m3r6ca66nnh5z,1,-0.799726536807755,-0.05954887916932739,-25.071814,-3.1961312,-1.9684961,11.069082
cl3kf3zc6001q3r6c7vr4b4rx,1,-0.7858411084906655,-0.024456166800416516,-20.636045,-3.4526217,-2.4794478,9.654459
cl3kfdr5g001y3r6crqbzo4rl,1,-0.6100123560898302,-0.08929667056275785,-13.209012,11.074647,-21.814074,3.1906853
cl3l9s21y00043r6c9z22mg77,0,0.5853107330712987,0.05865766391238368,20.04989,9.418476,0.52811074,1.0194908
cl3l9sibg000c3r6cny8ys6gz,3,0.7165556357815062,0.8384576866075236,8.854058,7.934288,-2.3282242,3.9808762
cl3l9sm3z000g3r6c1mykp9ux,4,0.43087547185478225,-0.5111089442775609,10.927596,-12.062619,58.580845,9.112635
cl3l9sy3p000o3r6crvrc7d5m,1,-0.8951061859301677,-0.018196600912301554,-19.910707,-1.7360722,-3.5784733,9.394822
cl3l9tfu100103r6czizzmxj8,1,-0.6542772278648074,-0.05238029383867256,-19.070562,-3.171156,-2.5884192,9.310969
cl3l9tkl700143r6cq9zyswc2,3,-0.023323830352833953,0.6603676486613217,4.451088,8.160074,-2.38775,8.730424
cl3l9tprg00183r6cl2w8qg4a,3,-0.015658045786570794,0.06895930983454737,-8.209603,1.305666,-3.6262655,8.28928
cl3l9tt8f001c3r6cq5l0hgob,4,0.22428710514779698,-0.8265160153633845,13.3076105,-19.045721,60.33423,9.027117
cl3l9txy6001g3r6cnd2gffxo,4,0.5157858273251721,-0.8716598959809323,31.070192,7.012157,6.1596675,-10.143816
cl3l9u18k001k3r6cped3icrn,4,0.5780742037941798,-0.8267570868038425,28.870678,4.2802787,6.3866754,-10.315185
cl3l9u93r001s3r6cuhg8mdgx,4,0.6275712076460696,-0.7434897144614121,28.752483,5.385586,6.24351,-10.209687
cl3l9ufmk001w3r6cyq89vzx6,4,0.6244933831212506,-0.7655218958556572,28.839462,4.807304,6.393851,-10.36854
cl3l9uk3h00203r6ct590m8al,4,0.634836151970388,-0.5738463163536094,16.288618,-7.589159,1.309997,4.7274685
cl3l9vsu400243r6ctqrm7alj,0,1.1073531636000653,-0.24717095716060775,22.576033,1.8545504,1.0957701,3.0821822
cl3l9xw5u00283r6c9xt8hv3w,4,0.14149357329472473,-0.3833321156992123,13.376375,-13.029907,59.606625,8.75672
cl3la1b35002g3r6cs234lja3,4,0.5138146943603998,-0.8716178772455413,31.136147,6.792883,6.1606345,-10.162161
cl3laaxqk002o3r6c9tmx16ej,1,-0.9203607211426184,0.010718771218223736,-29.199429,5.31046,-4.0714164,11.123472
cl3lahq71002s3r6cswrlo9yb,1,-0.7576148794050463,-0.047046711923539986,-12.05989,5.2965746,-4.249443,8.646971
cl3lavkqa00343r6cfbfc0lnk,1,-0.9629704337029694,-0.005700342907715479,-17.41813,-8.642548,-4.221669,9.330203
cl3laz8qa003c3r6c1i29k66e,1,-0.7551309499483742,-0.018574715142694147,-15.445473,-3.3241487,-3.1577752,9.455385
cl3lbiy6y003k3r6cyt6mkxog,1,-0.5605123412475075,0.6264654350871234,-14.169831,-3.0027187,-2.745456,8.59393
cl3lbocc0003o3r6cz9of8unl,1,-1.0596797144983925,0.010566309773776485,-20.847694,-7.4528747,-2.0203345,9.651843
cl3lhgwiz00443r6cqe7vvf2k,4,0.22428710514779698,-0.8265160153633845,10.094377,-18.435871,59.989594,8.860287
cl3lhiipm00483r6clbu4zwd5,1,-0.6100123560898302,-0.08929667056275785,-13.492534,10.706902,-21.889442,3.362742
cl3lhilws004c3r6ca6zqy1gw,1,-0.44150491905553063,0.28257237722840284,-10.561019,0.6256826,-3.2007778,8.163313
cl3lhip0q004g3r6cy4brw621,1,-0.5557576607090335,0.39507470107634796,-12.346758,-4.198803,-3.1370997,8.680432
cl3lhiryb004k3r6c6jpvvzx5,0,0.723114866318713,0.3946690868622717,19.139633,7.9202466,0.6997178,1.402909
cl3lhixat004o3r6c883m96qx,4,0.5281985816574649,-0.19023477590436105,7.960468,-13.775076,59.17234,8.968969
cl3lhj2kj004s3r6cqx38u696,1,-0.42439438196749335,0.3648092681475729,-20.070656,10.184035,-3.70999,10.561067
cl3lhj62w004w3r6cfpkevjre,1,-0.4215048113857178,0.47476364759150214,-9.799293,0.38892877,-3.1595697,8.005953
cl3lhjaff00503r6cfhg41lbh,3,0.2072926926412373,1.0342395200980465,9.463117,6.174707,-1.5287513,4.034054
cl3lhjg4e00543r6cwf7i8tpf,1,-0.8135010240476017,-0.04168507245455542,-15.2591505,-9.589536,-5.0916615,9.369348
cl3lhjl0700583r6c98dy5l90,3,0.8797818717813458,0.18449304420612744,17.60916,-12.07922,4.3156443,4.204832
cl3lhjozs005c3r6c6a8yc1mi,4,0.584961449592232,-0.6064280527839071,16.296484,-7.6025014,1.2820655,4.699109
cl3lhk205005k3r6cci1nhbg5,3,0.9994765117078103,0.13472397357155644,14.527578,-3.1436265,0.34897962,4.2835774
cl3lhk6ae005o3r6cuxdrdr7u,4,0.22428710514779698,-0.8265160153633845,9.58973,-17.48951,60.21197,9.160475
cl3lhkh4n005w3r6c4bqrr6nr,1,-0.6901912258455819,0.2632996960299468,-11.625109,0.01198359,-3.1433392,8.542784
cl3lhkkd000603r6c4cm2omfx,4,0.8871033988183076,-0.3094702109210804,29.68487,1.9207895,58.359684,9.018337
cl3lhkr9100643r6c07670105,1,-0.5826674081716307,0.034976620594928794,-17.929588,-0.6138656,-3.0022097,9.28655
cl3lhkukf00683r6cqecge7xc,4,0.22428710514779698,-0.8265160153633845,10.893428,-18.851906,60.01419,8.854541
cl3lhkz8h006c3r6cua0q7ub0,4,0.22428710514779698,-0.8265160153633845,11.167446,-18.223768,60.046024,8.903237
cl3lhl5xp006h3r6cniqq2oe4,4,0.22428710514779698,-0.8265160153633845,12.344114,-19.972586,60.30869,9.15175
cl3lhlbnd006l3r6cx5itn41y,1,-0.6100123560898302,-0.08929667056275785,-13.210222,10.371959,-21.923649,3.331549
cl3lhmswg006u3r6cin3gjk6l,1,-0.6365520204397566,-0.005923507711664296,-15.048608,-4.0729766,-3.3364685,9.320474
cl3lhnipf006y3r6c9iuye03v,3,0.33582500150307826,0.16683031971968246,14.468947,-4.422318,0.43884268,4.2868423
cl3li3r1200723r6cali2onlm,1,-0.8498653245615759,0.034633622390443056,-20.02764,7.988573,-3.2660053,10.143893
cl3likeil007e3r6cot4qb4oh,1,-0.840918823907604,-0.053916401115530574,-25.297337,-2.9575286,-1.9667913,11.165063
cl3liq9gt007m3r6c37qu2a3z,1,-0.6100123560898302,-0.08929667056275785,-12.137235,10.099139,-21.753576,3.2164586
cl3ljrszo008a3r6cqz9s76mi,2,-0.9266492664950665,0.02413782866167215,-24.501995,6.9351315,-4.3987036,11.490803
cl3lk7rxk008e3r6cvl9tfyaz,1,-0.8330357458459755,-0.03890307649475642,-14.805443,-9.521375,-5.187737,9.336904
cl3lkfleb008m3r6c4f15engp,1,-0.9320589070703825,-0.021454382461822897,-20.182766,-6.0733957,-2.1542602,9.598721
cl4dmy6pl0007356fb5434fln,4,0.6740933838078933,-0.5633593008824215,17.794102,-6.208704,1.1566569,4.567312
cl4dmz269000a356fbourf6gh,4,0.5009739652195684,-0.28054664907930904,10.888626,-11.778371,58.582806,9.093204
cl4dmzfpu000e356febbq1mdv,3,1.0421106639677296,0.1519573275427778,12.347434,-4.10305,0.18939751,4.3044724
cl4dmznh7000h356fz64w6qfx,0,0.15907968878056059,-0.208254769342574,26.086945,11.839211,0.20503338,-0.7523776
cl4dmzugt000l356fsxuain4w,4,0.5186917243763312,-0.8717218411269215,30.284058,7.3627563,6.5828285,-10.911327
cl4dn074j000r356ft1vyetoc,0,0.5983521134166305,0.04881742522949141,20.228462,8.62965,0.49508524,0.9217394
cl4dn0l0k000u356f5463x7v8,3,1.0465376531181594,0.16362106234579482,13.110121,-3.8849893,0.23060752,4.3951507
cl4dn0osn000x356fvfwvgmvh,0,0.9278788527538143,-0.6198548792787585,25.196918,3.4749599,1.3597794,2.6845434
cl4dn0tn50010356fijf6pqfh,1,-0.8395450055971373,-0.0003754635645968103,-19.293268,-1.835868,-3.454132,9.464408
cl4dn10tn0014356fmstmdw3n,3,0.7147672886656573,0.7199829879720054,9.851295,8.118834,-2.3633277,3.8840582
cl4dn16y20017356flmtqfcq9,4,0.5194358740651185,-0.8760855350335455,32.499584,7.387376,6.509883,-10.657793
cl4dn1d6p001a356fofmctpok,3,1.0372669056686437,0.21967481410736592,16.16651,-2.0318887,0.7272735,4.1047153
cl4dn1ntd001e356f6imbmn4c,4,0.5518471790478646,-0.3462966289177677,8.43971,-13.102734,59.064495,9.039145
cl4dn1y19001k356ficmedsas,4,0.6327361645018343,-0.5752181789401483,16.288586,-7.589293,1.2609322,4.6529975
cl4dn26v7001o356fc38c9lns,4,0.22428710514779698,-0.8265160153633845,13.97794,-18.94156,60.198917,9.052268
cl4dn2eky001r356f9iyqtonl,3,0.8924633004024742,-0.03783575611967556,16.112822,-2.6275675,0.7656892,4.232862
cl4dn2man001v356fs0awxzwd,4,0.517334574654636,-0.8716929107015967,30.519075,5.752825,6.3359013,-10.3151045
cl4dn3kvh0027356fw5hb6zil,3,0.9777323389059044,0.024897679612450006,18.426325,-4.9536896,0.9371404,4.3646455
cl4dn3qvf002b356fqvwam33m,0,1.1785095129756733,-0.23310093200839396,23.05631,1.0108675,1.0804656,3.3463695
cl4dn3xp8002f356fgyjyt6l2,4,0.6921931799795816,-0.6107553764861732,21.763685,-11.848544,4.9439135,4.659062
cl4dn4454002i356fujuhkkmk,3,0.8969339431504343,-0.18183695282534554,17.807678,-5.2069745,0.90929157,4.345848
cl4dn4fgi002l356fi8q5o4hf,3,0.3809241787754872,0.29495884825098073,14.964086,1.6000756,-2.5411665,2.863705
cl4dn4rqx002p356f523pixqc,0,0.9495496954713456,0.58535390124738,15.53641,11.4762745,-0.100074306,2.094452
cl4dn5dr1002t356ffuci57qx,0,0.9335293763219918,-0.6145819702310122,24.317917,3.1807003,1.3337222,2.6959882
cl4dnao7p002x356f5zr1ficu,3,0.1473064092387719,0.9316662190834322,8.437577,5.5742106,-2.3465748,4.352475
cl4dnbhn70030356fthswsrdj,3,0.3689787741480339,1.1696402920090363,6.9900365,7.551998,-2.2285168,4.610035
cl4dnfaoc0034356f93ugfa2p,3,0.08082636207934527,0.6928861615125496,-0.62947446,0.72662747,-3.260463,5.6032286
cl4dniemg0038356f48cdk2md,3,1.0241409347374788,0.29533892654203536,17.998556,-5.0227704,0.88578045,4.3948164
cl4dnu29k003c356f8jj3p32s,2,-0.6490643926864275,0.49452488363317826,-20.398474,10.455283,-3.6489096,11.188421
cl4dnva4g003g356f9g5rcuft,3,1.0278531210395465,0.0020390837500675564,17.341965,-4.9447575,0.6751065,4.2900677
cl4dnx7aa003l356fsr4z3nrl,0,0.41925978831205896,0.252777581758882,15.060275,4.6628723,-2.6387782,3.0170918
cl4dpg8f1003p356f72ya9kx4,1,-0.414928076307364,0.3765567917721912,-11.011281,-1.4063183,-2.8930094,8.45209
cl4drfdke003t356firajhs9f,2,-0.9503129696931645,0.03140872260113403,-25.033066,9.381784,-4.69061,11.638728
cl4drq4ne003x356fg6wuc2de,1,-0.8246510253686827,-0.0399976647917853,-15.174883,-9.754803,-5.159166,9.326956
cl4drtxmt0041356fzce45snx,4,0.6481360726045631,-0.5651578533055299,16.288427,-7.5772657,1.3102986,4.7065606
cl4dxi3z90049356fhg7pcjy2,1,-0.8051806795779245,-0.04286999665965494,-15.247888,-9.446599,-5.0387044,9.282341
cl4dxk93t004d356fh5fmei69,1,-0.5832857190221985,0.2745595937427391,-17.344976,-3.3147843,-2.4833212,8.9826765
cl4e3u41h0007356fsnvcg4ia,4,0.22428710514779698,-0.8265160153633845,12.945302,-17.9738,59.92156,8.681444
cl4e3ueop000b356f01i7ldq1,4,0.6844009367885824,-0.6156964470209031,21.640318,-12.000696,4.851941,4.5750103
cl4e3ukq4000e356ff34zwnrn,3,0.19395572618919002,0.5915679617571766,0.56414527,3.2073426,-2.6708236,5.7005963
cl4e3uqus000h356fe27iuxa8,4,0.4788598761647703,-0.38798077899569583,8.187005,-13.440131,58.98041,9.080563
cl4e3uxro000k356fp9gecmfy,4,0.22428710514779698,-0.8265160153633845,12.342261,-19.463455,60.48741,9.090379
cl4e3v8ln000o356f3qmx8dpe,3,0.9249669955073478,-0.18794381512339944,20.191723,-10.880742,4.564566,4.393318
cl4e3vgyt000s356fzpl4rmbp,4,0.22428710514779698,-0.8265160153633845,11.462402,-19.149185,60.52888,8.765268
cl4e3vohl000v356fy39mbucz,3,0.29478038919687677,0.1026618405661095,14.533269,3.3741186,-2.7077382,2.9510474
cl4e3vusl000z356famxl2zb2,1,-0.7366769013593577,0.20930839219547503,-11.966897,5.9316697,-4.221113,8.641675
cl4e3w0dk0012356fs5affwnl,4,0.7684376423644432,-0.40850921312046107,22.792515,-11.511173,4.864535,4.566178
cl4e3wa6j0015356f6i69u7c1,3,0.29478038919687677,0.1026618405661095,14.533525,3.3743706,-2.7424128,2.9140556
cl4e3wjdu0019356fnueqbfih,4,0.22428710514779698,-0.8265160153633845,13.488546,-18.492414,60.45809,9.0
cl4e3x3xe001c356fioyxs0uv,4,0.22428710514779698,-0.8265160153633845,11.0934925,-19.48019,60.336704,9.177848
cl4e3xy58001g356fmmazkw9m,2,-0.902185799731735,-0.008990325124219219,-25.53183,5.2307076,-4.2095413,10.677751
cl4e3y4bo001k356fuf7l796k,3,0.29478038919687677,0.1026618405661095,14.533805,3.37462,-2.6778982,2.9828231
cl4e3ybxx001o356fk5wf5qlr,4,0.5405221445776824,-0.4130325936475569,18.538895,-12.442861,4.4510126,4.2979636
cl4e3yxj7001s356fnluwh9ib,1,-0.6705442537063786,0.21518990134471008,-19.74885,9.788767,-4.003506,10.422667
cl4sb9k3h0005356fgh2i05tl,0,0.9423662835273549,0.3730530658669899,16.558727,9.015699,-0.6059148,2.5439675
cl4sb9r0t000a356f3fr22n3k,3,0.1457479527786925,0.5416042629157677,0.9163622,3.8083463,-2.769515,5.7718225
cl4sb9vbv000e356fjk3h7yl0,1,-0.6100123560898302,-0.08929667056275785,-11.952531,11.027988,-21.839584,3.41242
cl4sba04d000i356feuxuanko,0,0.9743707116978193,0.955098932891014,13.219887,9.639186,-0.66057354,2.743177
cl4sba4bd000l356fifxda70f,1,-0.6712515046098602,0.007748676977158883,-15.761636,-0.15957546,-2.8315256,9.203584
cl4sba9h6000p356fizta9ng7,1,-0.24166394178608805,0.14463048857066066,-9.807248,3.6993558,-3.4787266,8.145199
cl4sbacfa000t356f0n0vwnmu,0,0.961067426081159,0.7047154056737728,13.824099,8.603666,-0.2588947,2.5260057
cl4sbag3j000x356fg0qnddvw,0,1.1363373918327113,-0.3788045835594374,23.475538,7.987281,0.0013137544,1.6550072
cl4sbajh60011356f1nlii7qd,3,0.8850064974709698,0.888131603855427,5.608671,2.348828,-2.1919756,5.0289507
cl4sbaodz0015356fso1rbddu,0,1.127523084594053,0.4419561979226439,18.804594,4.539755,-0.13056444,2.7604187
cl4sbaun20018356fdw4xbwhw,1,-0.6244343583494345,0.2029280448633792,-17.722143,-2.8916473,-2.5026352,9.037453
cl4sbazoa001c356f4lz6t5lf,1,-0.9335541756294897,-0.021156406373469987,-20.186203,-6.073094,-2.0951831,9.617006
cl4sbb4jr001g356foa7q96fb,0,1.2336624021087566,-0.23964757626809838,24.680435,7.2740035,0.1895888,1.8104889
cl4sbb9kr001k356foz9ala52,3,0.20445698479325772,0.6836630831811683,3.0189545,3.4671118,-2.669059,5.2456145
cl4sbbe2n001o356fcwn1gqn6,1,-0.7641322940651593,0.3363596628067052,-19.896038,-4.5148787,-2.145221,9.613098
cl4sbbh2s001s356fijizhnbu,3,0.16888648773797352,0.4385811338963203,3.215159,0.20813936,-2.9878666,5.0662174
cl4sbbks3001w356fxefedoh2,1,-0.5096108744057454,0.49709568622397704,-11.313084,1.2596092,-3.3107228,8.207702
cl4sbbo2u0020356fd0fnkq87,0,0.5924814683759616,0.07946993746479486,21.831589,14.260089,0.37481007,0.9630739
cl4sbbrv50024356ficz1v42t,4,0.7013984320491509,-0.6269982363621649,21.812647,-12.933484,4.911244,4.62399
cl4sbk21q0027356fftapt7ed,3,0.3662446547644107,0.836792023259486,2.159196,4.829416,-2.4916875,5.7283406
cl4sbk6i6002b356fpuhbse8f,1,-0.8256346711628911,-0.03734135286955952,-15.133642,-9.805412,-5.2176695,9.348089
cl4sbk8io002f356fwmcd3pjv,3,0.6531991110429259,0.9824842570617965,7.6614594,2.7740612,-1.6066669,4.3619843
cl4sbkbh4002j356fm66s3m92,0,1.2059438450542541,-0.1494065682388671,27.55233,3.3092625,1.2388399,2.905503
cl4sbkem1002n356fxfddycqm,0,0.8757899613426137,0.5179593635458591,16.093975,10.704853,-0.116087526,2.0617006
cl4sbkjoj002r356fdo9o05v6,0,1.122664460086677,-0.09204249290105972,24.932964,7.3822627,0.1764502,1.9756085
cl4sbkmhx002v356flj7vcxfm,1,-0.453688082156682,0.18794231204003145,-12.987764,-0.9047754,-3.1466434,8.787612
cl4sbkrjg002z356fw5lbw5td,0,0.7603792720146798,0.48233915302060304,15.533445,9.138332,-0.5918666,2.5344372
cl4sbkvid0033356f9np159q3,3,0.6025821493264897,0.6524172310153495,11.314406,5.621883,-1.6373688,3.9327703
cl4sbl2xf003b356f7apltw6o,0,0.8695068650852363,0.5398958914323435,16.082134,10.713307,-0.10793067,2.0418904
cl4sbl6n7003f356fph1n1pui,4,0.5172721251655447,-0.87169157946286,29.966839,6.049557,6.2931147,-10.266707
cl4sbla0v003j356fq7o6brxl,1,-0.8234854374112152,-0.04026316340843591,-14.88385,-9.40236,-5.1715627,9.35539
cl4sbldor003n356fz6nw845g,0,0.9497601567155407,0.9094152100816573,17.877705,6.6217074,0.8837023,1.439339
cl4sblih1003r356fmkaegwgz,0,1.3046754736994832,0.16573958929053983,21.586666,0.05521905,1.0056168,3.2651007
cl4sblncn003v356fdfwxtd52,0,0.7966624841626937,0.4766059306682531,15.599961,9.172174,-0.64757156,2.4532287
cl4sbm49z003z356fg19quzbr,1,-0.8376568628305371,-0.03824496992362114,-14.804725,-9.62493,-5.246688,9.356077
cl4sbnp6l0043356f929tcrw6,4,0.5564821371255494,-0.82311732329847,31.575531,8.435704,6.2881145,-10.226416
cl4sbnxv00047356f8wdlcgvj,3,1.0048760435077657,0.0009585059434454106,14.304111,-3.8179772,0.3621542,4.333455
cl4ssee0s0008356hd15z4qn8,4,0.22428710514779698,-0.8265160153633845,10.5926485,-19.654713,60.29695,9.269847
cl4ssegqi000c356hwxoota92,4,0.22428710514779698,-0.8265160153633845,9.313625,-18.447874,60.45387,8.561527
cl4sseopo000g356h6ldd8ms6,1,-0.6800677701556993,-0.035767821165692645,-16.912378,-0.9589453,-2.7354457,9.287363
cl4swkq5u0003356p8vuhc7nn,1,-0.8450097583182575,-0.014369494497963212,-13.013858,-7.0648155,-4.929236,9.253146
cl4uq6b5l0003356p4ou3mrfw,4,0.22428710514779698,-0.8265160153633845,8.96121,-19.946886,59.8641,8.57186
cl4uq7un10007356p14ye3ifb,1,-0.6371000056647155,-0.05905267791174443,-17.377644,-1.4766408,-2.774547,9.184538
cl4uqbjp9000b356p2175vvqw,0,0.941868431398034,-0.6103844679462254,24.313717,3.1794782,1.3553563,2.6863532
cl4uqf5bj000f356p05tutl57,1,-0.46001072856014813,0.4004633255840045,-15.439459,-2.9320424,-2.6680288,8.858747
cl4uqu10i000j356pw85hd2yi,1,-0.5928127707128348,0.6734276758384529,-11.803542,-9.88178,-3.356703,7.2258987
cl4uqxtok000n356p228e7wni,1,-0.5020569878004308,-0.058864920395371605,-15.642762,-1.369607,-2.8633153,9.298772
cl4ur3vs8000v356pe031p1yo,0,0.566555467882381,0.40400676686990106,15.169072,7.45781,-0.39330566,2.517669
cl4urtjol000z356puo72ztp3,1,-0.7282342845020269,-0.04521504530127884,-18.461304,-2.7948968,-2.7035117,9.380838
cl4uru0kq0013356pt4h9yjm1,0,0.3929044105456017,0.18084773583779082,16.13986,3.8944385,-0.40272114,1.3805073
cl4urwkrx0017356pikpviaa9,3,0.950534999119884,0.04114438952423595,15.883724,-4.084331,0.8253445,4.306096
cl4us4ype001h356pnyet3ts9,1,-0.8089147116427055,0.006364581316865114,-12.685723,-3.2212484,-2.9832733,8.895312
cl4us8aru001l356p2sc1k1bh,3,0.29478038919687677,0.1026618405661095,14.534093,3.3746324,-2.7315264,2.9383888
cl4usb282001y356py28e83k8,2,-0.5135441562509395,0.5088133284377964,-28.135017,7.6537027,-4.511233,11.500996
cl4usb4wg0022356ps8a9025m,2,-0.6971790442351457,0.5657273420788195,-25.97028,10.173362,-4.6349044,11.491846
cl4usbb0x002a356pyr8253q8,2,-0.5820236182486717,-0.042555570341965714,-20.966333,13.589673,-4.2620416,10.757012
cl4usbdkt002e356pzvsr14tx,2,-0.80833900131353,-0.023053765534211786,-25.273558,4.956729,-4.237588,10.496199
cl4usbi3i002l356p8slezp38,2,-0.8568221252107456,0.33025820054728033,-23.543573,8.54551,-4.3335805,11.359925
cl4usbk4d002p356pvaqhzex9,2,-0.9421521090282474,0.003505385263926263,-25.651417,6.2128673,-4.342497,10.81799
cl4usblrm002t356p6kxea2n0,2,-0.8563331686608487,0.0005944003716458159,-19.844576,14.016338,-4.4030204,10.945562
cl4usbn80002x356pbrt4wcrm,3,0.42255248950281277,0.34860299882930046,15.507828,2.7054985,-2.7388113,2.8919582
cl4usboop0031356pqrsxb2f6,2,-0.988735152311168,0.0610702687068544,-22.346708,8.062151,-4.006913,11.023677
cl4usbskl0039356p9exjtlyn,2,-0.827146752440725,0.006022532858419787,-22.440565,6.2325416,-3.8002744,10.867939
cl4usbunz003c356pzoktv3qj,1,-1.0721966699397436,0.03257268765717467,-16.634933,-6.2351413,-2.9358869,9.894561
cl4usbw44003f356pwg5sf7dx,2,-0.8397954768021452,-0.00548208735183016,-21.887066,6.0881424,-3.5614727,10.676324
cl4usbywn003m356pzuko8bto,3,0.9386769129438319,1.345862288094729,5.466762,6.19287,-1.6223333,4.343614
cl4usc0d9003q356p8zx80o59,2,-0.6765916856056884,-0.04804749177668568,-25.241001,3.5827036,-3.913687,10.159666
cl4usc2ch003u356pogg4d2mq,2,-0.9442334191934095,-0.004475809787447703,-25.530066,7.515443,-4.571894,11.282456
cl4usc4it003y356prri1ox7q,2,-0.9290843227080742,-0.01068718848232534,-23.754631,12.383994,-4.6214004,11.156715
cl4usc9tf004a356pwuwogc14,1,-0.13613463457279065,0.3276716542328664,-11.07943,13.282027,-21.545578,3.5464365
cl4uscb2f004e356pze7aeb88,1,-0.505963194448324,0.33776003479294553,-9.623286,-0.18621579,-3.0253184,8.151249
cl4w68esd0003356pk1jpkknr,1,-0.7983276189593647,-0.0538596065790129,-24.436598,-1.3386706,-2.7337992,11.446464
cl4w6e4s1000b356pojtp6w4u,2,-0.7178682500890179,-0.01801027043983845,-23.677242,5.003439,-3.581612,9.99315
cl4w6sh8g000f356p0kk7xfkd,1,-0.6987566737506512,-0.04470582597823733,-21.1339,-0.38213566,-3.6500084,9.492316
cl4w7c4c2000n356p72nbbpg2,1,-1.0528784473831343,0.05017876954699388,-21.019522,7.3653708,-3.3048298,10.3409815
cl4w7p8ng0004356pnhhv0bcn,1,-0.9626477769214121,0.013953567884412163,-12.930736,-6.6200294,-3.4820035,9.185587
cl4wd9i8e000f356pe590i8ut,2,-0.73655936647898,-0.0371744746808036,-21.319283,-0.15122433,-3.8440022,9.370853
cl4wdr3rc000v356p692k64uc,2,-0.6386004151714595,-0.07186007421997152,-10.077897,11.253737,-21.234106,3.6986835
cl4we1r3j0018356pbsxv13je,1,-0.8357054181936012,0.02829391851337937,-16.586208,2.0427449,-3.2083778,9.222848
cl4weyuo90009356hxr59smjp,3,0.6253157232781524,1.0624512022753854,5.1569963,2.7279844,-2.2579408,5.0968018
cl4weyxuc000d356hs8ui2qet,0,1.279266121162818,0.3951416907486498,20.754723,2.4335928,0.8561791,2.985967
cl4weyyvn000h356hhekp3hcm,1,-0.6499275370843817,-0.0021144222499694296,-13.436642,13.253013,-21.838284,3.294743
cl4wez06n000l356hmx66narq,2,-0.9883864019728874,0.06656352624206315,-16.310514,6.9179316,-4.3222575,7.9700484
cl4wez13n000o356ho4fcafi3,0,0.9087609800363616,0.6454480320426801,20.2176,15.386925,-0.1460511,1.2907678
cl4wez248000r356hxmxncuzk,3,0.6318396252595117,0.6542682991620464,7.5192494,9.952734,-2.5614774,3.9366367
cl4wez35m000v356ho91qj1ps,3,-0.039379251403635476,0.9217475029677485,-3.0614374,4.446109,-2.896609,6.2738023
cl4wez42f000y356hkxx6e1cs,3,0.7255905318540358,1.0959075060664893,7.223498,3.5642924,-1.5483154,4.4431353
cl4wez5dr0012356hy5aioo3f,3,-0.020056197517057263,0.7667666265454781,-3.97858,0.6266294,-2.8042188,6.2305512
cl4wez8o2001a356h7hvchli5,3,0.24323875831389574,0.7642850206074412,0.3425104,0.46124408,-2.791328,5.537064
cl4wezaim001d356hmfktyvkm,3,0.6074860098380396,1.1502572175893924,5.335422,6.172979,-1.6075398,4.330659
cl4wezca1001h356hgsrm0ige,4,0.6802754679360579,-0.5806329522471866,16.577147,-8.688445,1.360668,4.723041
cl4wezdga001k356h50cpk5jb,2,-0.9984776868573304,0.01028156428171224,-25.688314,7.500393,-4.478219,11.531497
cl4wezfyy001s356hapqnkmsh,3,0.6778543874633463,0.7298336716262046,12.288569,5.5675273,-1.6552318,3.855744
cl4wezgys001w356h3eszw0sw,4,0.22428710514779698,-0.8265160153633845,8.650007,-18.190943,60.14163,8.534667
cl4wezhuc001z356h9y51sfb4,0,1.2947873818014914,-0.04617297336744633,21.532213,1.8580933,0.9740817,3.072252
cl4wezj880023356h4fno9e6j,1,-0.9633943299073342,0.0263415571688806,-22.63622,-6.7850084,-1.9621099,9.929849
cl4wezke40027356hnid29qy9,0,0.6409397491376699,0.0934491268269373,21.105856,10.992888,0.18406923,1.3798233
cl4wezlqg002a356hok6cmojl,1,-0.6945525457046737,0.4577565792678977,-8.769072,1.5765802,-3.6789627,8.318101
cl4wezmox002e356hyjm6vpmn,3,-0.2699436357038958,0.7458117052057398,-3.2591357,3.5757384,-2.974488,6.301901
cl4weznry002h356h93a4kbrl,3,0.6882124441609551,0.8365143326265565,10.091104,5.3800335,-1.3611882,4.0906897
cl4wezoqx002l356hgdxbv8a9,3,1.1520397617059648,0.8163634261577064,11.008333,-1.7686119,-0.6678461,4.343195
cl4wezpz3002q356hwvtl31vv,0,1.2591755815536676,0.009458790673864627,22.171064,0.5263284,1.109802,3.1860373
cl4wezqws002u356hsr2oigkr,3,0.470687862322159,0.9821554397891776,4.4380836,2.526031,-2.4434252,5.3815174
cl4wezrzq002y356hq6kf6ael,0,1.070169404947387,-0.45649728185118266,20.624613,15.810516,-0.009565298,1.1950486
cl4wezu960035356h2psu8brh,3,0.7885538050855496,1.1558246033193647,6.7709484,6.764906,-2.0382216,4.4880195
cl4wezw2q0039356hx63tml20,0,0.9254657678210164,-0.6164677800622727,24.318558,3.1782222,1.3784184,2.7401516
cl4wezxd3003d356hnezyo6qa,0,1.1147703160910705,0.9612219976368298,15.522085,13.339391,-0.35864714,1.9845865
cl4wezz2e003h356h4g2oxevg,3,0.13948443043853273,0.40987872590391305,1.947337,-0.34622082,-3.045208,5.1828027
cl4wf00sd003l356h1i0o94od,0,0.7419864004301332,0.31346955014137623,19.769594,6.773495,0.75794905,1.1342732
cl4wf04fy003t356hoilp0zdy,3,0.7563656557140931,1.1430088065840085,7.2427726,3.5577214,-1.5958614,4.4442587
cl4wf05m2003x356ha8qligg6,3,1.0094974365827172,-0.11345198532854647,19.804789,-10.91709,4.512704,4.4200954
cl4wf06xq0040356hx18gw35b,0,0.6328778220041775,0.10071339900416763,20.610558,15.276186,0.2874782,1.0225263
cl4wf08be0043356h59jlarps,2,-0.7665355802108337,-0.04674860093323742,-23.750334,0.46374592,-2.8488293,11.418036
cl4wf09dv0046356hs9zrwnhh,3,0.07479899898262628,0.43422385099883654,1.1960491,-0.4908014,-2.9803314,5.3248734
cl4wf0afy004a356hkdxgi7g3,0,1.1792442195681423,-0.13680692712441586,22.975819,4.8903737,1.046558,2.3265948
cl4wf0bfi004e356hw8ze6alu,4,0.5188833219840999,-0.8717259254222612,29.630764,6.648549,6.583773,-11.036738
cl4wf0chk004h356h2e50ugry,3,0.5863604848970048,0.7322799393880106,9.246078,4.484793,-2.167213,4.395501
cl4wf5h0u004r356hwjzzj19a,1,-0.7777857385401361,-0.05880739702694588,-24.64299,-2.1695569,-2.5047321,11.359684
cl4x04d1f0003356p1ugtmarb,2,-0.943950292946747,0.012861805187952569,-26.106699,8.441053,-4.665943,11.722021
cl4x0drzi0007356pxym7gn3b,1,-0.6100123560898302,-0.08929667056275785,-13.422401,11.615796,-21.965014,3.3934479
cl4x16mfg000r356povntvh44,1,-0.8330357458459755,-0.03890307649475642,-14.805443,-9.521375,-5.2142587,9.351688
cl4x1bqe30013356pdqq72yqe,1,-0.7765847571953317,-0.06297733747422996,-24.292564,-4.1705446,-1.9142321,11.001457
cl4x2cjb00017356pvy8cojhg,2,-0.7561681873426973,-0.005421102251118436,-16.566832,3.7942274,-3.7513702,9.03334
cl4x5svmz0003356fdijlb1j7,1,-0.520669465182097,0.13210672277083135,-16.896252,-1.1966591,-2.5446212,8.904022
cl4xlv3j70003356p1771z5kq,1,-0.6100123560898302,-0.08929667056275785,-12.822803,10.372166,-21.951952,3.2145503
cl4xlxfld000b356pb00h5yfx,4,0.22428710514779698,-0.8265160153633845,11.33757,-20.679081,59.859074,9.041562
cl4xma6i4000j356ptg824by4,3,0.575931796998278,0.7551547984105109,11.831002,6.0836434,-1.64702,3.887897
cl4xmczp4000r356p5kgem2ty,2,-0.647599340258452,0.12163268965077015,-20.575628,10.986741,-3.6648054,11.407748
cl4xmf82y000v356pjqkph1gz,3,-0.050244189065241626,0.7062172480604211,-2.8401155,2.7485807,-3.1005967,6.117919
cl4xmiy2b0010356ptq250lto,1,-0.43838658700983646,0.5523577878772451,-6.9868693,4.0407166,-3.468973,7.3886924
cl4xmn1pr0014356po774hc34,1,-0.6100123560898302,-0.08929667056275785,-12.87826,11.061902,-21.778187,3.3438435
cl4xmqohy001c356pyl9kj1te,1,-0.2948090288276343,0.7162580820621449,-4.291611,0.38929734,-3.0173595,6.5775557
cl4xmtqri001g356puyk4hg02,1,-0.5688134870150361,-0.09469625185510858,-10.563979,9.396223,-21.39065,3.6023061
cl4xmx044001k356pqs3juiuc,1,-0.7535514730151204,0.22744005755960534,-16.259672,7.7315884,-4.2270007,7.8977737
cl4xmznqd001o356peyfv2xql,3,0.4597772289592977,-0.12304063812382438,1.3104007,-3.0761666,-2.8791234,5.4905195
cl4xn0wfj001s356p4pw01850,1,-0.6100123560898302,-0.08929667056275785,-13.644369,11.574557,-22.027838,3.1590326
cl4xn23u5001w356pmea4ihh3,3,0.17286154935792894,0.4557103149334249,1.2486261,2.6233573,-2.9381902,5.4292994
cl4xn3b1s0020356pfr6fl67e,2,-0.8922789228272316,0.09544450023224349,-21.002691,2.9601946,-4.318941,10.089654
cl4xn5yk20024356p3e6e065p,4,0.5060383963719176,-0.3553043117372029,6.1000094,-16.254087,59.062107,8.992067
cl4xn774t0028356prka0yutx,2,-1.1221183699508235,0.07413428784654433,-21.856398,7.93126,-3.9928074,11.064919
cl4xne3lx002g356pbd7ze170,3,-0.10585392044613792,0.6633458651099298,-0.3481077,1.9207641,-2.9996803,5.6972566
cl4xnhq29002o356pjjp6mcop,2,-0.8879443128732537,0.15024714899246666,-23.697254,12.620765,-4.7543173,11.17705
cl4xnkpg9002s356psk3rvf3n,1,-0.7048627785767856,0.2161648005343747,-10.821084,5.3861413,-4.0873365,8.322868
cl4xnnibs002w356pt04k2r7z,3,0.04453039710690398,0.32885032121658353,2.3676152,-0.3921617,-3.0836256,5.2212944
cl4xnqgcw0038356pcbnyu55d,3,0.14931087143210134,0.5856531394599201,-0.6845238,3.7553737,-2.9725387,5.804233
cl4xnuowb003o356piziuwk96,1,-1.021874862782663,0.005348326434289308,-22.03018,-4.4246235,-2.0192177,10.092722
cl4xnwccp003s356pcgd7ezg3,1,-0.6100123560898302,-0.08929667056275785,-12.448592,10.600332,-21.902187,3.3843253
cl4xnyvvb0040356p3vqqo9nf,1,-0.6100123560898302,-0.08929667056275785,-12.005821,10.251637,-21.929157,3.2262392
cl4xo85or004c356p6xlu1xiv,2,-1.0220259920635113,0.15795014763145634,-27.67993,7.349936,-4.6726003,11.377917
cl4xofodp004k356p4ls3874k,2,-0.6986037146177636,-0.04020333950510379,-24.828623,3.9028678,-3.6794312,9.968724
cl4xolkrv004o356pdssw4a9x,2,-0.6295445806849707,-0.03568492840886057,-19.743002,14.046126,-21.157211,3.7489429
cl4xp3k1m004w356pbbhp4waa,1,-0.8974375160156606,-0.017752178725898723,-17.590914,3.3543859,-2.2561686,10.530962
cl4xp8jda0058356pwn2pcg0j,1,-0.7379216512206185,-0.06741535434640725,-24.541182,-3.0471478,-1.8670725,11.10886
cl4xpa7pg005c356pztg5hyw8,2,-1.0004884046827809,0.013284290852170286,-25.81723,7.9634686,-4.587948,11.596718
cl4xph5b6005k356p62e4rows,1,-0.7994604427550212,-0.04368463205066092,-15.192564,-9.338873,-5.0505385,9.390416
cl4xpiirs005o356p8pygyzbb,1,-0.8154729310225466,-0.018592842276520305,-13.554166,-9.48563,-5.2862697,9.213091
cl4xpkeb2005w356pxgdkz2we,1,-0.6100123560898302,-0.08929667056275785,-11.879286,10.554525,-21.869535,3.3284168
cl4xpmmqo0060356pkbdih3ba,1,-0.9578160276902183,-0.014721861115743227,-27.79442,-2.841479,-1.4613615,10.753257
cl4xpti8r006g356ppo8hcdd6,1,-0.8647120193383554,-0.019888198164262495,-19.844604,-1.6433543,-3.6024487,9.447874
cl4xpvshy006l356ph50o12ix,1,-1.018323099357591,-0.00952665495863606,-26.15105,-4.962788,-1.8561711,10.736016
cl4xpyh1i006t356prjx0dj9z,1,-0.6800532459744116,-0.0517946060794411,-14.723444,6.3282456,-4.3739796,8.045516
cl4xqbsd60071356pvj4abzy6,2,-0.8667041182403726,-0.014434518089937351,-20.541643,2.7491674,-4.3391347,10.048037
cl4xqif3o0079356piktc0bfe,2,-0.9105587513414003,0.01687895729411374,-22.033758,1.0839951,-3.728389,9.308343
cl4xqw4iv007l356pqkegr1x7,2,-0.7695118589140093,-0.013408196285352926,-30.431517,7.4071145,-3.9523902,11.441587
cl4xr03vs0003356f81sckspm,1,-1.052351495283097,0.029624429814691107,-16.62467,-6.180908,-2.9087918,9.893747
cl4xr10a3007x356p0in786bu,1,-0.9004578582641671,-0.010761671576546956,-19.459316,1.2129807,-4.4935308,9.742932
cl4xr3j3p0081356pd7l9ak7g,1,-0.6188775436789292,0.006200786236150534,-14.318612,2.9480817,-3.1774,9.450479
cl4xr59d90085356pndhb1zxo,1,-0.7731505323025463,-0.057159350702116106,-24.379305,-1.3546952,-2.6740618,11.428916
cl4xr91xf008h356p7058b3u5,1,-0.6841309345838498,-0.020713481401974487,-19.164635,0.9260436,-4.332655,9.680155
cl4xrbyhf008l356pthttyb06,2,-1.0213402530780316,0.0034523300434285828,-27.47648,-4.0144353,-1.5907364,10.858399
cl4xrkfgn0091356pikphtzc3,4,-0.24539482602718468,-0.7349814851769194,-31.15655,5.491751,60.213634,8.078593
cl4xrwk1j0099356pbjf2bckc,1,-0.6100123560898302,-0.08929667056275785,-11.848356,10.802258,-21.803078,3.2399511
cl4xs6vbj009m356p1pzczg97,3,0.6829056191726495,0.9949388653510385,7.5445647,3.4095027,-1.5701126,4.3825088
cl4xsg9sb00ac356p1oo54ag8,0,1.2363215187531857,0.020738729333753335,22.415243,2.5293553,1.043288,3.0937061
cl4xsgatd00ag356pn78v81ab,0,0.6400496068943629,0.11400742011553035,21.306086,11.058876,0.26366666,1.2704151
cl4xsgc7s00ak356pc8jz9vpq,3,0.29987959236250167,0.11082593586247878,14.429174,2.5129344,-2.7215414,2.9330692
cl4xsggag00as356pyqef10d2,0,0.5701871860283035,0.04609615155678917,20.0757,9.429062,0.49669012,0.9698176
cl4xsghzt00ax356pe5pvev6v,0,0.7271084256894645,0.18702693648553667,19.78567,7.7236605,0.69777334,1.0610967
cl4xsgja900b1356p7ux71hb1,3,0.2885851188947804,0.8253956846547391,0.001379265,4.6054173,-2.63236,5.8855352
cl4xsgkex00b4356p4rm0x8xb,1,-0.6100123560898302,-0.08929667056275785,-13.847597,11.326421,-21.959059,3.3477528
cl4xsgm1x00b8356p7oxc7wov,0,0.27431415977642615,-0.017007451252945786,27.20962,10.1265135,0.37979695,-0.4302915
cl4xsgniy00bc356pnz48aa9o,0,1.1483704033410538,1.0883568292111097,14.918617,13.839866,-0.28175393,2.0984614
cl4xsgom800bg356p4xh90n9s,3,0.04174428520036964,0.8622029583641427,10.379416,6.2053905,-1.5886434,3.9590178
cl4xsgq7700bk356p8b91lbqv,1,-0.8072337946465971,-0.038522497776358564,-19.724035,-5.8849883,-2.2722363,9.50065
cl4xsgwq300br356p0k1ppyfe,3,0.297335911341971,1.0017499270987125,8.072247,7.6778874,-2.1850257,4.556358
cl4xsgxxc00bv356ppuucw1yc,0,0.8606513776730995,0.3842086009747717,18.480673,13.101711,-0.053864654,1.5821117
cl4xsgz3p00by356pqgusdo21,0,0.9205916814851992,0.7197542698177245,14.393854,7.8282204,-0.39217922,2.7385213
cl4xsh02b00c1356p9z3mu9uq,0,1.0835700451256922,0.9009029427878414,15.510715,13.2969265,-0.29356077,2.005598
cl4xsh1m900c5356pe0on7b2b,2,-0.8650886031622509,-0.00017318993189248998,-20.325888,3.283604,-4.370177,10.130119
cl4xsh3tl00c9356pefbj324r,0,0.7999319704400477,0.2759025748377031,17.702002,13.548566,-0.111060984,1.5738677
cl4xsh5ft00cd356p3lr3ww8r,0,0.6319557690197523,0.10392474717165177,19.368113,11.774719,-0.20225094,1.3627186
cl4xsh72k00ch356pvxbjzv03,0,0.9170928904875086,0.5851116534539583,17.29168,11.523429,-0.624788,1.9865971
cl4xsh8iz00cl356pbia1b62k,0,0.9726525096902621,0.676664044214528,16.528112,12.527463,-0.50697565,1.9879917
cl4xshaem00cp356plbcizt9o,0,0.6571602656127103,0.11671368795412972,19.344547,11.809054,-0.21688278,1.4084448
cl4xshc7l00ct356puxlvdquf,0,0.8567073730334959,0.28029083490251205,20.659739,13.033092,0.2745343,1.4176776
cl4xshdxk00cx356p03y0ofnx,0,0.5893173902979907,0.05787046979395241,20.054613,9.423942,0.5343806,0.98731637
cl4xshfof00d1356pknnc851a,4,0.50794295354953,-0.8509129143063784,29.694626,7.02917,6.4996395,-11.00888
cl4xshh7400d5356p4kzpuyuj,0,1.2209902135862574,-0.17875926516846427,25.054811,5.9447427,0.8272111,2.2902513
cl4xshj5q00d9356pn55dcg1h,0,0.6999264551466232,0.4190878089218295,21.461407,8.629243,0.58835196,0.91771764
cl4xshk9100dd356pnpzahm5y,1,-0.6100123560898302,-0.08929667056275785,-14.070742,10.52037,-21.937302,3.3649445
cl4xshlb400di356pkg8e46cx,0,1.1310345891725617,0.9653974536603492,14.725528,12.902821,-0.42668825,2.0216308
cl4xshmd000dm356prdmuh8uy,0,1.0316006377482674,0.7463338540317346,13.482039,7.6459584,-0.5070842,2.8931608
cl4xshndy00dq356ppajrj7je,0,0.9887722939234858,0.7538497863861727,17.535156,11.400671,-0.58254063,1.9406217
cl4xshobb00du356pi1fe9qva,4,0.5456723174365655,-0.8359365774012055,28.839413,8.311016,0.5269762,-0.36730236
cl4xshpc100dy356pjj2en3eq,4,0.22428710514779698,-0.8265160153633845,11.767492,-20.265968,60.384933,8.451862
cl4xshq8c00e1356pwn4uctu7,0,0.7900962300801335,0.785654642648966,16.210415,13.423456,-0.3643444,1.9378402
cl4xshrdf00e5356pum4j8poj,0,0.8281142508436432,0.3072979490484618,17.642263,13.566515,-0.08716263,1.6838269
cl4xshsnv00e9356pnsxn9t7n,0,0.8312597832212479,0.5005645360565799,15.599573,9.184569,-0.6622676,2.49507
cl4xshtmw00ed356phhi6kl03,0,0.293686586299553,-0.10582523273988495,23.218485,12.453342,-0.056419235,1.1947596
cl4xshuj200eh356p1im93hd7,1,-0.7379381061579807,-0.06799759625002252,-24.672358,-3.204625,-1.8260108,11.101091
cl4xshvhj00el356pzxdhl1hc,4,0.22428710514779698,-0.8265160153633845,10.607313,-20.51788,59.97338,9.162109
cl4xshx7400eq356pi2efzks5,4,0.22428710514779698,-0.8265160153633845,12.832964,-20.512648,59.836754,8.710343
cl4xsi0g900eu356px7zao6zm,0,0.8701198436808953,0.34237982490008195,20.537996,13.101692,0.18727517,1.5175085
cl4xsi28o00ey356puc8ibxum,0,0.7096814019996261,0.21166280206083748,18.988165,6.726964,0.86367214,1.3094083
cl4xsi35500f2356ppgbactcz,4,0.2941682508003412,-0.7652350228210391,18.593897,-22.370602,60.04445,8.588368
cl4xsi41500f6356pueiqwwl8,0,0.6984562347207475,0.16364562582319978,20.477224,15.382509,-0.05837557,1.2098416
cl4xsi5iv00f9356pjlo8kmf9,0,0.5725733119221951,0.04527432620462633,20.079865,9.433872,0.51548666,1.0366703
cl4xsi6gv00fd356pjdg1bkrh,3,0.36763783643180314,0.8743210004962819,-3.609577,3.0037594,-2.9389653,6.234299
cl4xsiafn00fl356p1qsbcpq6,0,0.6580590741769442,0.11845073164104382,19.340038,11.821944,-0.21141675,1.3500451
cl4xsiboy00fo356p0drg408u,0,1.031731000584405,-0.5431544238391676,25.02576,6.024746,0.67090386,1.9502808
cl4xsicyp00ft356p7wxw1bu0,0,0.9751713975268711,0.794571046786437,14.225881,10.3824415,-0.42802018,2.5455625
cl4xsie7n00fx356pm8pe3q0y,0,0.6418387169249773,0.2026456898472352,18.971807,6.714465,0.7879649,1.2277474
cl4xsifph00g1356pzw193ip3,0,0.6830392063490061,0.15302229558368174,21.702475,14.246927,0.12510109,1.1236463
cl4xsigp300g5356p5wqj95t3,0,0.6449090315846876,0.114810400369471,19.337828,11.833131,-0.23706698,1.3149024
cl4xsijar00g9356pe3t6bfab,0,0.694116930916094,0.7353162410618294,16.580084,14.509064,-0.1837442,1.7313193
cl4xsilct00gd356pbvyfyx3w,0,0.42907871822681354,0.2376024073346337,25.063656,13.339996,0.29457885,-0.7635719
cl4xsiofb00gh356pv0fk2ton,4,0.22428710514779698,-0.8265160153633845,11.0773735,-20.103508,59.87706,8.669294
cl4xsiq5c00gk356pomjqcg9s,1,-0.6100123560898302,-0.08929667056275785,-13.148238,11.754019,-21.92383,3.328621
cl4xsiqzp00go356ps1k0imcg,4,0.22428710514779698,-0.8265160153633845,8.649085,-19.026535,60.399174,8.457119
cl4xsirz300gs356phx3arwpe,4,0.22428710514779698,-0.8265160153633845,9.307408,-19.230701,60.035652,8.68388
cl4xsiurh00gw356pp4j0zkz8,0,0.9380912694722743,-0.6130404104314684,24.318274,3.182062,1.3217198,2.6419318
cl4xu445e0007356fnnxr83u6,1,-0.8509425741611514,-0.03635291353160732,-14.95133,-9.857538,-5.2199774,9.340398
cl4xu8pb0000b356fd0prmlo0,1,-1.1287708152303535,0.027929331411909713,-17.713707,-5.8326616,-2.6587377,9.918449
cl4xuuxyo000n356f8derlp9a,1,-0.6540408673310962,-0.01776943612882874,-16.409863,-0.36537683,-2.8014622,9.230935
cl4xvx69d000r356fyv9ewcu4,1,-0.8097596905185902,0.016905216890091907,-16.547626,1.9717383,-3.1536279,9.361889
cl4xvz0yd000v356fqpmftpn7,1,-0.7379216512206185,-0.06741535434640725,-24.540857,-3.0471954,-1.8807782,11.132643
cl4xzgx0l000z356fdbvx7scy,1,-0.9710603619860187,0.1576265449263606,-12.525927,-5.9361615,-3.2366762,9.033989
cl4y0u4f00013356f4rj5r02e,1,-1.0207911010169213,-0.006231391866675098,-20.598042,-6.243493,-1.9388642,9.761573
cl4y18g4u0017356fzzyk4wss,1,-0.6557047103272883,0.38005772756140105,-10.886764,2.5152745,-3.7939394,8.906322
cl4ye76bf0003356p49hbaah8,4,0.22428710514779698,-0.8265160153633845,9.824723,-19.045187,59.92279,8.86583
cl4ye7gk90007356pzvhpy9jz,2,-0.8730227513568383,-0.007661029908616745,-26.433939,3.151367,-4.0154123,10.22528
cl4yecqmv000b356pz10agwqg,1,-0.7920854494164199,-0.051858285377010614,-24.216988,-0.59970796,-2.8240373,11.430035
cl4yef7ve000f356po65wg3a0,1,-1.0465394867576412,-0.005733940484364102,-20.67158,-6.2912188,-1.8928791,9.7533245
cl4yeinyq000j356pu65gmiti,1,-0.6100123560898302,-0.08929667056275785,-12.594483,10.793817,-21.959496,3.2304432
cl4yenvr8000n356pc94w4l2z,1,-0.6100123560898302,-0.08929667056275785,-13.346999,10.775982,-21.91583,3.3064198
cl4yewemo0017356pivxsjhs3,2,-0.7918574566872856,0.1104548336267465,-28.95983,9.401618,-4.2170153,11.520591
cl4yeyegs001b356pwpb7zxqc,2,-0.9037149029343292,-0.01472629357841298,-27.443058,2.413848,-3.961947,10.218022
cl4yf032i001f356p2yd4z0tg,2,-0.8712303204104654,-0.004613979729720858,-25.129065,5.369919,-4.4213185,10.824999
cl4yf25i6001j356pmma7nzu4,1,-0.6100123560898302,-0.08929667056275785,-13.967721,10.28141,-21.968466,3.2148821
cl4yfu8pv001p356phx9jihls,1,-0.8518905536312684,-0.018511749301570353,-20.77388,-8.168392,-2.022208,9.656419
cl4yfvv49001t356piy5wgc7r,2,-0.9292996610040485,-0.022693441114502874,-26.45619,-4.9855876,-1.8384057,10.93063
cl4yg2zg7001x356pgf8m41o4,1,-1.026930380495756,-0.008637879330406497,-20.604918,-6.2547655,-1.9657868,9.720615
cl4yg6z0l0021356ptvqil6cr,2,-0.7793932556896757,-0.022278419424432296,-20.149883,2.0776997,-4.3377175,9.944991
cl4yggtg70025356p944g7cbo,1,-0.840918823907604,-0.053916401115530574,-25.296585,-2.9517152,-1.9410399,11.2378645
cl4ygmqop002d356p9i4s1ird,1,-0.9050164430357934,-0.014805044767706723,-19.455952,1.1681458,-4.3895802,9.790842
cl4ygprmq002h356ppl30ie7v,2,-0.8289157742967023,-0.02330364545793923,-26.330847,3.0700033,-3.9852207,10.19445
cl4yguioh002l356p3ufzdg9z,1,-0.9943317598693483,-0.008536065027545734,-20.015911,-6.6194386,-2.0677059,9.525406
cl4ygz34o002p356ppfe5o7sb,1,-0.6100123560898302,-0.08929667056275785,-14.064811,10.838429,-21.775007,3.1579454
cl4yh0mcw002t356plaxl5npv,1,-0.6100123560898302,-0.08929667056275785,-12.900302,11.732253,-21.995308,3.4562294
cl4yh2a0r002x356p2tlidbsl,3,-0.10066222974142151,0.6153679657997855,0.59783506,-0.26739675,-2.9729438,5.348703
cl4yh3v4u0031356phoomvwr5,2,-0.718846186590598,-0.05442460178505566,-30.488583,6.51932,-3.9144578,11.52103
cl4yh6rah0035356p8odrzu3l,0,0.6394948890543826,0.09510150680028968,21.123077,11.013996,0.2703833,1.2637182
cl4yh7k3r0039356paib9iq4j,1,-0.4049760764388356,0.35226379760660104,-9.57192,11.043299,-21.134518,3.773324
cl4yh90pk003d356pj4u39x5p,1,-0.7007472763001129,-0.0348449803111485,-18.087908,-2.4533722,-2.783322,9.186686
cl4yhaoq6003h356pe5ppk1o7,1,-0.6100123560898302,-0.08929667056275785,-13.982235,11.121129,-21.780407,3.479745
cl4yhbydk003l356pfy3whii7,1,-0.7960283006612788,-0.04417341328526451,-15.213845,-9.327069,-5.0996103,9.367878
cl4yhgh5l003t356ps9oanlz2,1,-0.6489294005064473,-0.009569766313092153,-15.373024,4.6717954,-4.1618385,8.408521
cl4yhicek003x356phjxy15za,3,0.5232573027319317,0.5256543169202377,10.937059,4.021296,-2.6193328,4.090713
cl4yhkj9v0041356pgg535fwi,1,-0.6100123560898302,-0.08929667056275785,-12.17876,11.458951,-21.771116,3.228655
cl4yhlk4l0045356p7uku3kf7,1,-0.5178615771113637,0.16795874923932538,-10.148077,6.9703836,-4.1071396,7.6269627
cl4yhpuyn004d356pdnyh291k,1,-0.6100123560898302,-0.08929667056275785,-12.624386,11.783809,-22.039642,3.3717113
cl4yhuijk004l356prmyfv66t,1,-1.010210281805274,-0.010768258090983144,-20.52895,-6.216864,-2.0164762,9.670176
cl4yhyfa2004p356p0rjgtmhv,1,-0.803465306566882,-0.058825111381303904,-25.023407,-2.9799776,-1.9667845,11.175839
cl4yi36dw004t356p0v7hg3xn,2,-0.7040867478395101,-0.05337117358871345,-12.313102,5.1387706,-4.245673,8.809536
cl4yjhzoy0007356fn1bc4uw6,1,-0.5735570058059786,-0.08744602661475001,-11.459602,8.473267,-21.465261,3.525563
cl4yjn0pu000b356frte1icdf,1,-0.7663040279286841,0.15925611941726145,-18.38498,-5.9558606,-2.3848345,9.738423
cl4yjvzjp000f356fza9vdddz,1,-0.882753035196759,0.11558439970047436,-21.453047,5.6650915,-3.032536,10.200783
cl4ykemum000n356fyzopq0xp,1,-0.32049631284889135,0.3865279537364022,-9.067541,6.8378634,-3.959863,7.277732
cl4ykxhdc000v356fuf0cfrlv,1,-0.666957319814783,-0.060291565654198895,-15.552184,-8.992106,-5.094322,9.33312
cl4yl5ed5000z356fm9nkxgfo,3,0.671455641195213,0.6974082695130098,9.48518,9.156937,-2.4001791,3.9293919
cl4ylb4b40013356fpwidj9om,1,-0.9032073452525865,-0.003818894040281292,-15.755472,-7.0391994,-4.7021923,9.181096
cl4ylk3hu0017356fm2i4n7b1,1,-0.6413308964005046,0.13127518906059038,-11.920202,-3.171038,-3.0260403,8.843148
cl4ylwkya001b356fsb0smd1g,1,-0.5802343128904711,0.21782753529975424,-17.146519,-3.2390847,-2.4739966,9.034051
cl4ym22tv001f356f8g69lzlj,1,-0.6100123560898302,-0.08929667056275785,-12.351219,11.663764,-21.861658,3.2449093
cl4ym9iww001j356fm9a6fais,1,-0.7686941501248701,-0.05492398171515838,-24.167585,-0.62238234,-2.810977,11.433968
cl4ymgo9w001n356fkgsltgz1,1,-0.3741817637881838,0.2740394602353992,-9.306304,6.803406,-3.9657075,7.3552704
cl4yn37so001r356fvarvidkp,3,-0.22245495996468784,0.49659039816052325,-2.1765685,2.3074157,-3.3065865,5.7940526
cl4yncaoh001v356fsles4wnf,1,-0.7362648143179784,0.17204896058361338,-16.747618,-9.922908,-4.8551445,9.336464
cl4ynkuw10023356fct2gneak,1,-0.815988241920326,-0.0032840012334452383,-17.373043,-6.3600144,-2.6651611,9.873234
cl4z3dcqg0007356p5g9v8qhz,3,0.29478038919687677,0.1026618405661095,14.53407,3.374354,-2.7519672,2.9300506
cl4z7h6ym000b3b6fjyo49iwn,3,0.7385048397200978,1.052462794950436,6.762093,4.149485,-1.4750644,4.3423233
cl4z8adui000f3b6f9zi2ft3x,0,0.8961150908061402,0.6738195059720282,16.456085,8.116656,-0.68652207,2.4815285
cl4z8hbub00033b6fmxmwacsm,3,0.9005422864325913,-0.11558978337975195,16.198738,-3.6718674,0.72889227,4.2186065
cl4z8hh2u00073b6f6317ib98,4,0.22428710514779698,-0.8265160153633845,9.634493,-20.793642,59.851143,8.992119
cl4z8hm9k000b3b6fuxp3lqdx,4,0.22428710514779698,-0.8265160153633845,9.899799,-19.985353,59.989075,9.164802
cl4z8hsbb000g3b6fvzerbblc,4,0.22428710514779698,-0.8265160153633845,10.419775,-21.189533,60.21288,9.2767
cl4za2v3u000c3y6fc6jz65yn,4,0.22428710514779698,-0.8265160153633845,11.252408,-21.33626,60.046783,8.627719
cl4za4fnb000g3y6frpvd1jm6,4,0.22428710514779698,-0.8265160153633845,9.899799,-19.985353,60.358246,8.619933
cl4zaco4r000k3y6fa7pk88t5,4,0.22428710514779698,-0.8265160153633845,12.205832,-20.71308,60.531242,8.794474
cl4zd2zw500033y6ft4w1u5u6,3,0.505399147539655,0.20477973933210578,7.462447,-12.041052,58.805756,9.341919
cl5mohjd6000e3b6g97eyecxk,3,0.5246293804525344,0.5398862599179097,10.862295,4.0339384,-2.6260026,4.1195683
cl5nkcpqw0007356f73nxjnf2,1,-0.991483303154299,0.008442775572612896,-17.83326,-5.8654876,-2.6421406,9.859339
cl5nlv2jt000k356fr4ghyucl,1,-0.5398189463188497,-0.07164208688799119,-16.990452,-1.2017583,-2.6837215,9.215634
cl690f0jy00073b6g5g1429s9,4,0.6754098869528138,-0.6213976822532842,21.636396,-12.037499,4.9203176,4.626454
cl691zdqu000h3b6gpesz4820,4,0.7056595640493645,-0.5288513138721074,15.375328,-8.028862,1.1958711,4.820254
cl696haqz00073b6gf0un301j,4,0.22428710514779698,-0.8265160153633845,13.601423,-20.979212,60.349365,8.808309
cl696kim5000j3b6g3waaz3ij,4,0.22428710514779698,-0.8265160153633845,12.0346,-21.438812,60.493336,8.627234
cl696ldsk000n3b6g3cevz2tg,4,0.22428710514779698,-0.8265160153633845,12.825815,-21.298203,60.509888,8.848089
cl696lj76000r3b6gbse56a1a,0,0.20514146562769475,-0.20767796139679953,27.24178,10.145875,0.44864622,-0.4351837
